"Time	Open	High	Low	Close	Volume";Open;High;Low;Close
"2006-12-31 00:00	1.31908	1.31964	1.31894	1.31915	47067";;;;
"2007-01-01 00:00	1.31925	1.32343	1.31650	1.32329	1997937";;;;
"2007-01-02 00:00	1.32318	1.32951	1.32226	1.32792	2007954";;;;
"2007-01-03 00:00	1.32793	1.32903	1.31461	1.31596	2015230";;;;
"2007-01-04 00:00	1.31630	1.31783	1.30704	1.30769	2009950";;;;
"2007-01-05 00:00	1.30783	1.31029	1.29804	1.29995	1867959";;;;
"2007-01-07 00:00	1.30097	1.30141	1.29837	1.29930	141100";;;;
"2007-01-08 00:00	1.29933	1.30461	1.29722	1.30448	2010624";;;;
"2007-01-09 00:00	1.30460	1.30517	1.29598	1.29673	2004266";;;;
"2007-01-10 00:00	1.29643	1.30002	1.29261	1.29459	2023593";;;;
"2007-01-11 00:00	1.29461	1.30124	1.28788	1.28822	2003783";;;;
"2007-01-12 00:00	1.28825	1.29418	1.28668	1.29212	1854297";;;;
"2007-01-14 00:00	1.29219	1.29276	1.29121	1.29160	146287";;;;
"2007-01-15 00:00	1.29154	1.29550	1.29121	1.29249	1995838";;;;
"2007-01-16 00:00	1.29250	1.29875	1.29062	1.29207	2023060";;;;
"2007-01-17 00:00	1.29221	1.29494	1.28973	1.29341	1998099";;;;
"2007-01-18 00:00	1.29351	1.29756	1.28971	1.29637	1996322";;;;
"2007-01-19 00:00	1.29609	1.29998	1.29129	1.29536	1864829";;;;
"2007-01-21 00:00	1.29592	1.29704	1.29505	1.29675	142983";;;;
"2007-01-22 00:00	1.29680	1.29769	1.29201	1.29400	1997102";;;;
"2007-01-23 00:00	1.29412	1.30423	1.29288	1.30233	2006308";;;;
"2007-01-24 00:00	1.30242	1.30357	1.29475	1.29522	2007952";;;;
"2007-01-25 00:00	1.29537	1.30002	1.29139	1.29334	2008773";;;;
"2007-01-26 00:00	1.29352	1.29386	1.28807	1.29144	1856463";;;;
"2007-01-28 00:00	1.29147	1.29246	1.28995	1.29019	142442";;;;
"2007-01-29 00:00	1.29010	1.29679	1.28948	1.29466	2011117";;;;
"2007-01-30 00:00	1.29464	1.29800	1.29448	1.29584	1992847";;;;
"2007-01-31 00:00	1.29590	1.30356	1.29239	1.30265	2007964";;;;
"2007-02-01 00:00	1.30284	1.30482	1.30011	1.30184	2001197";;;;
"2007-02-02 00:00	1.30178	1.30615	1.29474	1.29562	1868810";;;;
"2007-02-04 00:00	1.29610	1.29621	1.29498	1.29536	143264";;;;
"2007-02-05 00:00	1.29537	1.29651	1.29126	1.29303	2004813";;;;
"2007-02-06 00:00	1.29302	1.29904	1.29095	1.29742	1994460";;;;
"2007-02-07 00:00	1.29743	1.30232	1.29647	1.30184	2006903";;;;
"2007-02-08 00:00	1.30183	1.30428	1.29759	1.30340	2017828";;;;
"2007-02-09 00:00	1.30336	1.30452	1.29817	1.30047	1867663";;;;
"2007-02-11 00:00	1.29890	1.30237	1.29851	1.30136	150471";;;;
"2007-02-12 00:00	1.30125	1.30359	1.29390	1.29557	2039009";;;;
"2007-02-13 00:00	1.29562	1.30426	1.29498	1.30351	1994654";;;;
"2007-02-14 00:00	1.30353	1.31488	1.30218	1.31329	2008048";;;;
"2007-02-15 00:00	1.31343	1.31716	1.31173	1.31244	2012713";;;;
"2007-02-16 00:00	1.31264	1.31443	1.30958	1.31356	1865426";;;;
"2007-02-18 00:00	1.31364	1.31621	1.31338	1.31490	145578";;;;
"2007-02-19 00:00	1.31507	1.31610	1.31201	1.31487	2029303";;;;
"2007-02-20 00:00	1.31491	1.31881	1.31271	1.31448	2013942";;;;
"2007-02-21 00:00	1.31453	1.31648	1.31116	1.31364	2008675";;;;
"2007-02-22 00:00	1.31365	1.31404	1.30796	1.31234	2004744";;;;
"2007-02-23 00:00	1.31223	1.31863	1.31013	1.31627	1870924";;;;
"2007-02-25 00:00	1.31650	1.31901	1.31629	1.31865	144609";;;;
"2007-02-26 00:00	1.31848	1.32024	1.31491	1.31788	2003910";;;;
"2007-02-27 00:00	1.31803	1.32578	1.31579	1.32227	2000971";;;;
"2007-02-28 00:00	1.32237	1.32358	1.31787	1.32330	1989258";;;;
"2007-03-01 00:00	1.32343	1.32389	1.31547	1.31666	2010700";;;;
"2007-03-02 00:00	1.31702	1.31998	1.31408	1.31882	1854013";;;;
"2007-03-04 00:00	1.31949	1.32101	1.31680	1.31726	143696";;;;
"2007-03-05 00:00	1.31745	1.31752	1.30723	1.30935	2006965";;;;
"2007-03-06 00:00	1.30943	1.31390	1.30798	1.31330	2001239";;;;
"2007-03-07 00:00	1.31321	1.31844	1.31086	1.31648	1999225";;;;
"2007-03-08 00:00	1.31667	1.31813	1.31154	1.31396	1995920";;;;
"2007-03-09 00:00	1.31396	1.31583	1.30864	1.31118	1859100";;;;
"2007-03-11 00:00	1.31236	1.31415	1.31068	1.31175	192381";;;;
"2007-03-12 00:00	1.31193	1.31992	1.31054	1.31813	2009286";;;;
"2007-03-13 00:00	1.31811	1.32186	1.31547	1.31927	2003765";;;;
"2007-03-14 00:00	1.31920	1.32440	1.31764	1.32238	2024020";;;;
"2007-03-15 00:00	1.32240	1.32933	1.31919	1.32880	2003868";;;;
"2007-03-16 00:00	1.32870	1.33381	1.32792	1.33106	1804041";;;;
"2007-03-18 00:00	1.33064	1.33241	1.33064	1.33204	186953";;;;
"2007-03-19 00:00	1.33206	1.33213	1.32780	1.33037	2029661";;;;
"2007-03-20 00:00	1.33035	1.33232	1.32701	1.33113	2693602";;;;
"2007-03-21 00:00	1.33128	1.34094	1.32861	1.33947	2675922";;;;
"2007-03-22 00:00	1.33954	1.33979	1.33090	1.33241	2670632";;;;
"2007-03-23 00:00	1.33230	1.33407	1.32762	1.32789	2425093";;;;
"2007-03-25 00:00	1.32801	1.32933	1.32571	1.32689	206877";;;;
"2007-03-26 00:00	1.32703	1.33455	1.32534	1.33268	632612";;;;
"2007-03-27 00:00	1.33272	1.33667	1.33013	1.33386	612785";;;;
"2007-03-28 00:00	1.33395	1.33716	1.32984	1.33110	627257";;;;
"2007-03-29 00:00	1.33110	1.33517	1.33024	1.33244	632010";;;;
"2007-03-30 00:00	1.33239	1.33985	1.32880	1.33535	881928";;;;
"2007-04-01 00:00	1.33710	1.33770	1.33312	1.33402	83435";;;;
"2007-04-02 00:00	1.33398	1.33802	1.33370	1.33663	1083419";;;;
"2007-04-03 00:00	1.33663	1.33802	1.33179	1.33350	1091930";;;;
"2007-04-04 00:00	1.33350	1.33810	1.33270	1.33720	1055743";;;;
"2007-04-05 00:00	1.33720	1.34410	1.33525	1.34225	935178";;;;
"2007-04-06 00:00	1.34220	1.34268	1.33640	1.33780	393636";;;;
"2007-04-08 00:00	1.33740	1.33798	1.33590	1.33610	41209";;;;
"2007-04-09 00:00	1.33615	1.33810	1.33400	1.33790	452817";;;;
"2007-04-10 00:00	1.33790	1.34560	1.33755	1.34205	1192351";;;;
"2007-04-11 00:00	1.34210	1.34415	1.34065	1.34350	1047311";;;;
"2007-04-12 00:00	1.34350	1.35155	1.34315	1.34965	855297";;;;
"2007-04-13 00:00	1.34965	1.35525	1.34845	1.35255	392266";;;;
"2007-04-15 00:00	1.35540	1.35770	1.35221	1.35610	64269";;;;
"2007-04-16 00:00	1.35610	1.35670	1.35221	1.35340	967168";;;;
"2007-04-17 00:00	1.35340	1.35940	1.35270	1.35840	1042362";;;;
"2007-04-18 00:00	1.35840	1.36200	1.35560	1.36030	1197684";;;;
"2007-04-19 00:00	1.36030	1.36280	1.35605	1.36165	913507";;;;
"2007-04-20 00:00	1.36165	1.36370	1.35860	1.35880	976041";;;;
"2007-04-22 00:00	1.35975	1.36070	1.35915	1.35940	38833";;;;
"2007-04-23 00:00	1.35940	1.35960	1.35400	1.35725	718139";;;;
"2007-04-24 00:00	1.35730	1.36430	1.35480	1.36260	1110636";;;;
"2007-04-25 00:00	1.36255	1.36650	1.36220	1.36450	886570";;;;
"2007-04-26 00:00	1.36450	1.36540	1.35840	1.35975	1223986";;;;
"2007-04-27 00:00	1.35970	1.36820	1.35865	1.36520	941168";;;;
"2007-04-29 00:00	1.36305	1.36480	1.36150	1.36236	134314";;;;
"2007-04-30 00:00	1.36236	1.36777	1.35884	1.36455	663900";;;;
"2007-05-01 00:00	1.36449	1.36711	1.35897	1.35941	663177";;;;
"2007-05-02 00:00	1.35940	1.36097	1.35598	1.35920	658596";;;;
"2007-05-03 00:00	1.35922	1.36193	1.35459	1.35488	666034";;;;
"2007-05-04 00:00	1.35496	1.36088	1.35344	1.35893	513053";;;;
"2007-05-06 00:00	1.36015	1.36089	1.35883	1.36033	151008";;;;
"2007-05-07 00:00	1.36034	1.36255	1.35928	1.35955	673187";;;;
"2007-05-08 00:00	1.35957	1.36202	1.35155	1.35441	672752";;;;
"2007-05-09 00:00	1.35445	1.35641	1.35187	1.35307	657727";;;;
"2007-05-10 00:00	1.35308	1.35624	1.34643	1.34660	675903";;;;
"2007-05-11 00:00	1.34656	1.35305	1.34628	1.35222	519579";;;;
"2007-05-13 00:00	1.35343	1.35433	1.35271	1.35337	152853";;;;
"2007-05-14 00:00	1.35338	1.35570	1.35235	1.35405	665581";;;;
"2007-05-15 00:00	1.35401	1.36071	1.35264	1.35917	667008";;;;
"2007-05-16 00:00	1.35915	1.36081	1.35035	1.35270	674245";;;;
"2007-05-17 00:00	1.35270	1.35421	1.34773	1.34915	666123";;;;
"2007-05-18 00:00	1.34919	1.35205	1.34648	1.35053	509342";;;;
"2007-05-20 00:00	1.35123	1.35288	1.35123	1.35159	78458";;;;
"2007-05-21 00:00	1.35153	1.35200	1.34359	1.34574	661192";;;;
"2007-05-22 00:00	1.34573	1.34744	1.34376	1.34497	663467";;;;
"2007-05-23 00:00	1.34495	1.35004	1.34149	1.34525	667774";;;;
"2007-05-24 00:00	1.34522	1.34602	1.34152	1.34164	669238";;;;
"2007-05-25 00:00	1.34164	1.34714	1.34114	1.34380	403512";;;;
"2007-05-27 00:00	1.34465	1.34510	1.34399	1.34482	256337";;;;
"2007-05-28 00:00	1.34484	1.34579	1.34407	1.34445	658324";;;;
"2007-05-29 00:00	1.34432	1.35183	1.34192	1.34415	662003";;;;
"2007-05-30 00:00	1.34415	1.34563	1.34079	1.34287	662049";;;;
"2007-05-31 00:00	1.34293	1.34710	1.34219	1.34527	660984";;;;
"2007-06-01 00:00	1.34524	1.34602	1.33915	1.34439	403855";;;;
"2007-06-03 00:00	1.34410	1.34512	1.34353	1.34450	333276";;;;
"2007-06-04 00:00	1.34448	1.34984	1.34317	1.34968	657504";;;;
"2007-06-05 00:00	1.34967	1.35515	1.34885	1.35122	663553";;;;
"2007-06-06 00:00	1.35123	1.35371	1.34844	1.34952	660209";;;;
"2007-06-07 00:00	1.34957	1.35113	1.34179	1.34205	660494";;;;
"2007-06-08 00:00	1.34207	1.34269	1.33225	1.33708	504626";;;;
"2007-06-10 00:00	1.33671	1.33711	1.33423	1.33466	76828";;;;
"2007-06-11 00:00	1.33461	1.33606	1.33325	1.33574	652916";;;;
"2007-06-12 00:00	1.33577	1.33683	1.32860	1.32908	646696";;;;
"2007-06-13 00:00	1.32914	1.33144	1.32621	1.33037	647680";;;;
"2007-06-14 00:00	1.33036	1.33221	1.32789	1.33115	653718";;;;
"2007-06-15 00:00	1.33110	1.33877	1.33047	1.33867	390201";;;;
"2007-06-17 00:00	1.33765	1.33910	1.33737	1.33836	339299";;;;
"2007-06-18 00:00	1.33837	1.34269	1.33822	1.34262	640920";;;;
"2007-06-19 00:00	1.34260	1.34343	1.33840	1.34274	635897";;;;
"2007-06-20 00:00	1.34277	1.34360	1.33820	1.33852	640239";;;;
"2007-06-21 00:00	1.33857	1.34044	1.33717	1.33842	637619";;;;
"2007-06-22 00:00	1.33847	1.34683	1.33772	1.34676	494777";;;;
"2007-06-24 00:00	1.34648	1.34714	1.34565	1.34705	69804";;;;
"2007-06-25 00:00	1.34707	1.34719	1.34384	1.34572	625975";;;;
"2007-06-26 00:00	1.34574	1.34764	1.34310	1.34474	631610";;;;
"2007-06-27 00:00	1.34474	1.34548	1.34167	1.34540	629597";;;;
"2007-06-28 00:00	1.34545	1.34788	1.34233	1.34407	630265";;;;
"2007-06-29 00:00	1.34404	1.35395	1.34284	1.35393	383641";;;;
"2007-07-01 00:00	1.35358	1.35465	1.35309	1.35318	337558";;;;
"2007-07-02 00:00	1.35322	1.36374	1.35258	1.36190	612218";;;;
"2007-07-03 00:00	1.36197	1.36323	1.35833	1.36066	607820";;;;
"2007-07-04 00:00	1.36070	1.36299	1.36045	1.36056	601427";;;;
"2007-07-05 00:00	1.36060	1.36574	1.35784	1.35943	615417";;;;
"2007-07-06 00:00	1.35941	1.36396	1.35678	1.36253	471048";;;;
"2007-07-08 00:00	1.36319	1.36337	1.36206	1.36235	57967";;;;
"2007-07-09 00:00	1.36233	1.36372	1.36086	1.36197	576241";;;;
"2007-07-10 00:00	1.36196	1.37822	1.35935	1.37419	597011";;;;
"2007-07-11 00:00	1.37423	1.37795	1.37299	1.37462	604048";;;;
"2007-07-12 00:00	1.37460	1.37971	1.37428	1.37795	595946";;;;
"2007-07-13 00:00	1.37792	1.38103	1.37621	1.37811	343760";;;;
"2007-07-15 00:00	1.37837	1.37855	1.37676	1.37785	331502";;;;
"2007-07-16 00:00	1.37787	1.38019	1.37603	1.37754	524186";;;;
"2007-07-17 00:00	1.37755	1.38212	1.37580	1.38115	538552";;;;
"2007-07-18 00:00	1.38116	1.38310	1.37565	1.38052	557592";;;;
"2007-07-19 00:00	1.38066	1.38284	1.37852	1.37929	575840";;;;
"2007-07-20 00:00	1.37929	1.38418	1.37777	1.38251	656103";;;;
"2007-07-22 00:00	1.38334	1.38438	1.38250	1.38366	267895";;;;
"2007-07-23 00:00	1.38363	1.38452	1.37912	1.38265	862190";;;;
"2007-07-24 00:00	1.38287	1.38515	1.37991	1.38042	862338";;;;
"2007-07-25 00:00	1.38008	1.38251	1.36944	1.37083	859747";;;;
"2007-07-26 00:00	1.37074	1.37714	1.36888	1.37426	859406";;;;
"2007-07-27 00:00	1.37404	1.37492	1.36239	1.36306	800996";;;;
"2007-07-29 00:00	1.36206	1.36415	1.36058	1.36260	61787";;;;
"2007-07-30 00:00	1.36254	1.37274	1.36175	1.37100	861036";;;;
"2007-07-31 00:00	1.37115	1.37240	1.36491	1.36528	862991";;;;
"2007-08-01 00:00	1.36534	1.37099	1.36363	1.36527	858960";;;;
"2007-08-02 00:00	1.36525	1.37113	1.36478	1.36974	861813";;;;
"2007-08-03 00:00	1.36975	1.38178	1.36811	1.37698	800391";;;;
"2007-08-05 00:00	1.37860	1.38387	1.37860	1.38093	46411";;;;
"2007-08-06 00:00	1.38109	1.38386	1.37764	1.38086	861447";;;;
"2007-08-07 00:00	1.38088	1.38132	1.37314	1.37513	859709";;;;
"2007-08-08 00:00	1.37524	1.38259	1.37185	1.38005	861050";;;;
"2007-08-09 00:00	1.38014	1.38167	1.36533	1.36625	860435";;;;
"2007-08-10 00:00	1.36640	1.37049	1.36406	1.36907	769005";;;;
"2007-08-12 00:00	1.36887	1.37047	1.36780	1.37025	89287";;;;
"2007-08-13 00:00	1.37025	1.37091	1.35974	1.36115	859517";;;;
"2007-08-14 00:00	1.36108	1.36250	1.35183	1.35215	858583";;;;
"2007-08-15 00:00	1.35216	1.35251	1.34032	1.34077	858192";;;;
"2007-08-16 00:00	1.34096	1.34464	1.33594	1.34241	857027";;;;
"2007-08-17 00:00	1.34263	1.35460	1.33691	1.34721	769548";;;;
"2007-08-19 00:00	1.34760	1.34947	1.34701	1.34931	90599";;;;
"2007-08-20 00:00	1.34920	1.35076	1.34557	1.34627	855708";;;;
"2007-08-21 00:00	1.34632	1.35203	1.34485	1.34563	855174";;;;
"2007-08-22 00:00	1.34558	1.35582	1.34459	1.35513	860770";;;;
"2007-08-23 00:00	1.35524	1.35879	1.35324	1.35566	860734";;;;
"2007-08-24 00:00	1.35572	1.36828	1.35497	1.36725	769321";;;;
"2007-08-26 00:00	1.36745	1.36852	1.36612	1.36768	104188";;;;
"2007-08-27 00:00	1.36761	1.36804	1.36211	1.36254	859411";;;;
"2007-08-28 00:00	1.36234	1.36799	1.35630	1.35680	855484";;;;
"2007-08-29 00:00	1.35675	1.36802	1.35570	1.36496	846647";;;;
"2007-08-30 00:00	1.36501	1.36720	1.35883	1.36623	861163";;;;
"2007-08-31 00:00	1.36636	1.37191	1.36158	1.36279	766613";;;;
"2007-09-02 00:00	1.36276	1.36349	1.36205	1.36305	105462";;;;
"2007-09-03 00:00	1.36306	1.36541	1.36017	1.36106	858587";;;;
"2007-09-04 00:00	1.36096	1.36256	1.35480	1.36182	854796";;;;
"2007-09-05 00:00	1.36176	1.36712	1.35660	1.36443	842406";;;;
"2007-09-06 00:00	1.36453	1.37098	1.36308	1.36808	859466";;;;
"2007-09-07 00:00	1.36826	1.37978	1.36601	1.37657	770247";;;;
"2007-09-09 00:00	1.37681	1.37851	1.37659	1.37753	102877";;;;
"2007-09-10 00:00	1.37755	1.38143	1.37644	1.37853	859631";;;;
"2007-09-11 00:00	1.37852	1.38482	1.37756	1.38283	862952";;;;
"2007-09-12 00:00	1.38288	1.39141	1.38207	1.38897	857233";;;;
"2007-09-13 00:00	1.38899	1.39265	1.38600	1.38700	858910";;;;
"2007-09-14 00:00	1.38708	1.38947	1.38414	1.38728	798587";;;;
"2007-09-16 00:00	1.38680	1.38727	1.38522	1.38685	46215";;;;
"2007-09-17 00:00	1.38690	1.38899	1.38474	1.38675	857807";;;;
"2007-09-18 00:00	1.38675	1.39889	1.38271	1.39634	863966";;;;
"2007-09-19 00:00	1.39644	1.39867	1.39323	1.39721	861700";;;;
"2007-09-20 00:00	1.39700	1.40993	1.39673	1.40737	860407";;;;
"2007-09-21 00:00	1.40760	1.41195	1.40394	1.40885	766797";;;;
"2007-09-23 00:00	1.40901	1.40946	1.40811	1.40906	106607";;;;
"2007-09-24 00:00	1.40907	1.41293	1.40629	1.40690	858505";;;;
"2007-09-25 00:00	1.40688	1.41628	1.40567	1.41387	866590";;;;
"2007-09-26 00:00	1.41390	1.41556	1.41084	1.41246	862701";;;;
"2007-09-27 00:00	1.41246	1.41892	1.41204	1.41600	862499";;;;
"2007-09-28 00:00	1.41602	1.42772	1.41491	1.42656	800908";;;;
"2007-09-30 00:00	1.42723	1.42808	1.42604	1.42660	61386";;;;
"2007-10-01 00:00	1.42672	1.42740	1.42075	1.42300	861029";;;;
"2007-10-02 00:00	1.42308	1.42343	1.41353	1.41526	864433";;;;
"2007-10-03 00:00	1.41522	1.42012	1.40791	1.40910	864664";;;;
"2007-10-04 00:00	1.40922	1.41488	1.40641	1.41325	864959";;;;
"2007-10-05 00:00	1.41317	1.41569	1.40313	1.41336	801078";;;;
"2007-10-07 00:00	1.41340	1.41526	1.41314	1.41362	45325";;;;
"2007-10-08 00:00	1.41376	1.41402	1.40321	1.40434	864433";;;;
"2007-10-09 00:00	1.40430	1.41177	1.40093	1.41064	863330";;;;
"2007-10-10 00:00	1.41066	1.41715	1.40914	1.41405	865034";;;;
"2007-10-11 00:00	1.41408	1.42402	1.41327	1.41975	868196";;;;
"2007-10-12 00:00	1.41986	1.42125	1.41522	1.41763	775373";;;;
"2007-10-14 00:00	1.41745	1.41866	1.41583	1.41607	105340";;;;
"2007-10-15 00:00	1.41627	1.42429	1.41559	1.41932	864174";;;;
"2007-10-16 00:00	1.41947	1.42265	1.41397	1.41715	865002";;;;
"2007-10-17 00:00	1.41725	1.42301	1.41562	1.42051	866295";;;;
"2007-10-18 00:00	1.42041	1.43097	1.41985	1.42809	863990";;;;
"2007-10-19 00:00	1.42798	1.43179	1.42426	1.42985	800851";;;;
"2007-10-21 00:00	1.43037	1.43501	1.43037	1.43316	62152";;;;
"2007-10-22 00:00	1.43304	1.43388	1.41231	1.41878	865187";;;;
"2007-10-23 00:00	1.41883	1.42782	1.41754	1.42506	860153";;;;
"2007-10-24 00:00	1.42508	1.42698	1.41873	1.42453	861660";;;;
"2007-10-25 00:00	1.42442	1.43443	1.42436	1.43218	860089";;;;
"2007-10-26 00:00	1.43239	1.43953	1.43137	1.43908	799455";;;;
"2007-10-28 00:00	1.44146	1.44221	1.43988	1.44062	46108";;;;
"2007-10-29 00:00	1.44060	1.44378	1.43738	1.43899	862456";;;;
"2007-10-30 00:00	1.43908	1.44428	1.43717	1.44316	862192";;;;
"2007-10-31 00:00	1.44338	1.45035	1.44172	1.44695	860112";;;;
"2007-11-01 00:00	1.44696	1.44788	1.43995	1.44295	863117";;;;
"2007-11-02 00:00	1.44304	1.45273	1.44184	1.45033	770036";;;;
"2007-11-04 00:00	1.45132	1.45234	1.44892	1.45006	80838";;;;
"2007-11-05 00:00	1.44994	1.45095	1.44406	1.44795	861614";;;;
"2007-11-06 00:00	1.44775	1.45706	1.44654	1.45546	859484";;;;
"2007-11-07 00:00	1.45527	1.47294	1.45495	1.46478	856704";;;;
"2007-11-08 00:00	1.46484	1.47027	1.46212	1.46938	859306";;;;
"2007-11-09 00:00	1.46945	1.47519	1.46286	1.46725	806182";;;;
"2007-11-11 00:00	1.46701	1.46758	1.46322	1.46417	49785";;;;
"2007-11-12 00:00	1.46406	1.46632	1.45168	1.45535	861521";;;;
"2007-11-13 00:00	1.45531	1.46325	1.45506	1.46247	855198";;;;
"2007-11-14 00:00	1.46233	1.47245	1.46176	1.46420	861213";;;;
"2007-11-15 00:00	1.46434	1.47038	1.46009	1.46253	859401";;;;
"2007-11-16 00:00	1.46237	1.46721	1.45786	1.46584	808846";;;;
"2007-11-18 00:00	1.46689	1.46880	1.46601	1.46827	35127";;;;
"2007-11-19 00:00	1.46831	1.46884	1.46170	1.46613	859547";;;;
"2007-11-20 00:00	1.46601	1.48517	1.46303	1.48223	857790";;;;
"2007-11-21 00:00	1.48242	1.48689	1.47707	1.48493	855713";;;;
"2007-11-22 00:00	1.48470	1.48730	1.48185	1.48557	857022";;;;
"2007-11-23 00:00	1.48621	1.49646	1.47816	1.48358	790552";;;;
"2007-11-25 00:00	1.48193	1.48393	1.48159	1.48306	81042";;;;
"2007-11-26 00:00	1.48301	1.48869	1.48011	1.48554	859027";;;;
"2007-11-27 00:00	1.48537	1.49078	1.48061	1.48329	857174";;;;
"2007-11-28 00:00	1.48335	1.48579	1.47078	1.48249	857004";;;;
"2007-11-29 00:00	1.48241	1.48442	1.47188	1.47655	860511";;;;
"2007-11-30 00:00	1.47655	1.47849	1.46231	1.46315	812724";;;;
"2007-12-02 00:00	1.46360	1.46653	1.46338	1.46514	49767";;;;
"2007-12-03 00:00	1.46492	1.47077	1.46180	1.46504	855148";;;;
"2007-12-04 00:00	1.46497	1.47688	1.46315	1.47470	862529";;;;
"2007-12-05 00:00	1.47475	1.47701	1.45905	1.46160	860058";;;;
"2007-12-06 00:00	1.46156	1.46593	1.45234	1.46361	856495";;;;
"2007-12-07 00:00	1.46369	1.46725	1.45946	1.46534	810973";;;;
"2007-12-09 00:00	1.46539	1.46590	1.46397	1.46455	33991";;;;
"2007-12-10 00:00	1.46460	1.47356	1.46361	1.47083	858010";;;;
"2007-12-11 00:00	1.47085	1.47506	1.46378	1.46633	863654";;;;
"2007-12-12 00:00	1.46630	1.47480	1.46469	1.47215	861803";;;;
"2007-12-13 00:00	1.47228	1.47379	1.45742	1.46173	863560";;;;
"2007-12-14 00:00	1.46186	1.46578	1.44094	1.44282	795289";;;;
"2007-12-16 00:00	1.43892	1.44359	1.43838	1.44288	81967";;;;
"2007-12-17 00:00	1.44285	1.44521	1.43273	1.44007	859098";;;;
"2007-12-18 00:00	1.43973	1.44357	1.43639	1.44108	861142";;;;
"2007-12-19 00:00	1.44095	1.44235	1.43229	1.43816	863035";;;;
"2007-12-20 00:00	1.43807	1.43873	1.43073	1.43337	861252";;;;
"2007-12-21 00:00	1.43370	1.44101	1.43300	1.43772	811348";;;;
"2007-12-23 00:00	1.43738	1.43838	1.43643	1.43805	50529";;;;
"2007-12-24 00:00	1.43800	1.44129	1.43692	1.43888	862505";;;;
"2007-12-25 00:00	1.43897	1.44205	1.43825	1.43981	861773";;;;
"2007-12-26 00:00	1.43968	1.45058	1.43957	1.44731	862681";;;;
"2007-12-27 00:00	1.44753	1.46411	1.44643	1.45988	858604";;;;
"2007-12-28 00:00	1.45987	1.47273	1.45873	1.47210	812180";;;;
"2007-12-30 00:00	1.47133	1.47393	1.47022	1.47325	34422";;;;
"2007-12-31 00:00	1.47369	1.47491	1.45651	1.45785	862282";;;;
"2008-01-01 00:00	1.45788	1.46285	1.45718	1.45983	860616";;;;
"2008-01-02 00:00	1.46006	1.47490	1.45938	1.47164	861111";;;;
"2008-01-03 00:00	1.47158	1.47807	1.46842	1.47395	861254";;;;
"2008-01-04 00:00	1.47398	1.48241	1.46910	1.47397	795805";;;;
"2008-01-06 00:00	1.47452	1.47547	1.47370	1.47405	81057";;;;
"2008-01-07 00:00	1.47384	1.47430	1.46557	1.46846	862192";;;;
"2008-01-08 00:00	1.46828	1.47428	1.46754	1.47123	862802";;;;
"2008-01-09 00:00	1.47127	1.47427	1.46357	1.46569	859187";;;;
"2008-01-10 00:00	1.46575	1.48133	1.46387	1.47882	864000";;;;
"2008-01-11 00:00	1.47889	1.48190	1.47585	1.47717	811336";;;;
"2008-01-13 00:00	1.47797	1.48159	1.47779	1.48037	49884";;;;
"2008-01-14 00:00	1.48042	1.49146	1.47931	1.48678	865646";;;;
"2008-01-15 00:00	1.48704	1.49219	1.47698	1.48004	867181";;;;
"2008-01-16 00:00	1.48010	1.48583	1.45923	1.46724	864884";;;;
"2008-01-17 00:00	1.46733	1.47141	1.45863	1.46345	860697";;;;
"2008-01-18 00:00	1.46320	1.46941	1.45982	1.46168	809478";;;;
"2008-01-20 00:00	1.46029	1.46042	1.45496	1.45512	34364";;;;
"2008-01-21 00:00	1.45504	1.45668	1.43880	1.44013	862119";;;;
"2008-01-22 00:00	1.43990	1.46840	1.43621	1.46375	862854";;;;
"2008-01-23 00:00	1.46380	1.46460	1.45072	1.46010	864248";;;;
"2008-01-24 00:00	1.45990	1.47779	1.45874	1.47595	865640";;;;
"2008-01-25 00:00	1.47616	1.47736	1.46567	1.46807	797297";;;;
"2008-01-27 00:00	1.46779	1.47084	1.46588	1.46674	80059";;;;
"2008-01-28 00:00	1.46664	1.47977	1.46591	1.47730	869847";;;;
"2008-01-29 00:00	1.47714	1.47880	1.47346	1.47588	867431";;;;
"2008-01-30 00:00	1.47589	1.49073	1.47508	1.48278	869441";;;;
"2008-01-31 00:00	1.48296	1.49137	1.47994	1.48587	869665";;;;
"2008-02-01 00:00	1.48591	1.49468	1.47839	1.47995	817315";;;;
"2008-02-03 00:00	1.48036	1.48073	1.47895	1.48018	50130";;;;
"2008-02-04 00:00	1.48032	1.48482	1.47889	1.48158	865555";;;;
"2008-02-05 00:00	1.48174	1.48213	1.46185	1.46338	867876";;;;
"2008-02-06 00:00	1.46346	1.46699	1.45877	1.46211	867290";;;;
"2008-02-07 00:00	1.46208	1.46513	1.44366	1.44796	864104";;;;
"2008-02-08 00:00	1.44814	1.45475	1.44467	1.45030	817586";;;;
"2008-02-10 00:00	1.45127	1.45456	1.45076	1.45432	35519";;;;
"2008-02-11 00:00	1.45427	1.45786	1.44788	1.45015	867723";;;;
"2008-02-12 00:00	1.45018	1.46141	1.44933	1.45725	869639";;;;
"2008-02-13 00:00	1.45720	1.45988	1.45307	1.45631	867798";;;;
"2008-02-14 00:00	1.45610	1.46475	1.45581	1.46315	868278";;;;
"2008-02-15 00:00	1.46318	1.47084	1.46266	1.46802	802197";;;;
"2008-02-17 00:00	1.46790	1.46806	1.46595	1.46656	81946";;;;
"2008-02-18 00:00	1.46646	1.46901	1.46081	1.46544	865220";;;;
"2008-02-19 00:00	1.46534	1.47560	1.46445	1.47245	866638";;;;
"2008-02-20 00:00	1.47234	1.47329	1.46123	1.47108	862637";;;;
"2008-02-21 00:00	1.47119	1.48366	1.46986	1.48020	865769";;;;
"2008-02-22 00:00	1.48000	1.48614	1.47847	1.48235	814882";;;;
"2008-02-24 00:00	1.48363	1.48396	1.48180	1.48259	49798";;;;
"2008-02-25 00:00	1.48250	1.48440	1.47909	1.48245	866236";;;;
"2008-02-26 00:00	1.48245	1.50454	1.47754	1.49858	861347";;;;
"2008-02-27 00:00	1.49849	1.51435	1.49774	1.51177	859335";;;;
"2008-02-28 00:00	1.51177	1.52301	1.50706	1.51674	865092";;;;
"2008-02-29 00:00	1.51651	1.52383	1.51417	1.51770	814475";;;;
"2008-03-02 00:00	1.51928	1.52256	1.51854	1.52125	34501";;;;
"2008-03-03 00:00	1.52116	1.52734	1.51554	1.52023	865951";;;;
"2008-03-04 00:00	1.52044	1.52467	1.51706	1.51982	868390";;;;
"2008-03-05 00:00	1.51969	1.53015	1.51425	1.52823	866708";;;;
"2008-03-06 00:00	1.52818	1.53957	1.52678	1.53712	867921";;;;
"2008-03-07 00:00	1.53699	1.54591	1.53138	1.53540	803928";;;;
"2008-03-09 00:00	1.53607	1.54030	1.53544	1.53815	89254";;;;
"2008-03-10 00:00	1.53818	1.54003	1.53116	1.53394	867314";;;;
"2008-03-11 00:00	1.53398	1.54948	1.52812	1.53497	858234";;;;
"2008-03-12 00:00	1.53514	1.55725	1.53423	1.55227	866440";;;;
"2008-03-13 00:00	1.55229	1.56433	1.55184	1.55915	866072";;;;
"2008-03-14 00:00	1.55922	1.56869	1.55294	1.56714	773780";;;;
"2008-03-16 00:00	1.56745	1.58061	1.56709	1.57848	91707";;;;
"2008-03-17 00:00	1.57858	1.59021	1.56859	1.57379	871747";;;;
"2008-03-18 00:00	1.57362	1.58311	1.56081	1.56584	868066";;;;
"2008-03-19 00:00	1.56558	1.57852	1.55676	1.55814	868042";;;;
"2008-03-20 00:00	1.55828	1.56079	1.53926	1.54065	865254";;;;
"2008-03-21 00:00	1.54061	1.54739	1.54035	1.54269	767618";;;;
"2008-03-23 00:00	1.54349	1.54389	1.53976	1.53996	105749";;;;
"2008-03-24 00:00	1.53998	1.54543	1.53381	1.54325	867852";;;;
"2008-03-25 00:00	1.54314	1.56579	1.54079	1.56358	856518";;;;
"2008-03-26 00:00	1.56321	1.58582	1.55795	1.58234	857501";;;;
"2008-03-27 00:00	1.58239	1.58455	1.57237	1.57756	864800";;;;
"2008-03-28 00:00	1.57762	1.58387	1.57392	1.57918	802649";;;;
"2008-03-30 00:00	1.57956	1.57984	1.57931	1.57965	45815";;;;
"2008-03-31 00:00	1.57968	1.58974	1.57444	1.57715	861139";;;;
"2008-04-01 00:00	1.57708	1.57857	1.55612	1.56015	863418";;;;
"2008-04-02 00:00	1.56036	1.57007	1.55310	1.56519	863860";;;;
"2008-04-03 00:00	1.56515	1.56858	1.55073	1.56523	862854";;;;
"2008-04-04 00:00	1.56511	1.57726	1.56345	1.57352	763131";;;;
"2008-04-06 00:00	1.57302	1.57375	1.56964	1.57005	90623";;;;
"2008-04-07 00:00	1.57015	1.57883	1.56247	1.57727	864691";;;;
"2008-04-08 00:00	1.57712	1.57983	1.56718	1.57025	865639";;;;
"2008-04-09 00:00	1.57038	1.58645	1.56835	1.58407	865155";;;;
"2008-04-10 00:00	1.58388	1.59143	1.57221	1.57591	868681";;;;
"2008-04-11 00:00	1.57598	1.58564	1.57470	1.58091	773233";;;;
"2008-04-13 00:00	1.57834	1.57834	1.56684	1.56828	106530";;;;
"2008-04-14 00:00	1.56827	1.58867	1.56811	1.58236	864874";;;;
"2008-04-15 00:00	1.58237	1.58754	1.57486	1.57898	867814";;;;
"2008-04-16 00:00	1.57934	1.59786	1.57746	1.59156	864038";;;;
"2008-04-17 00:00	1.59167	1.59826	1.58446	1.58871	866876";;;;
"2008-04-18 00:00	1.58865	1.59566	1.57092	1.58120	801705";;;;
"2008-04-20 00:00	1.58086	1.58261	1.57924	1.58118	61494";;;;
"2008-04-21 00:00	1.58133	1.59466	1.57890	1.59097	867653";;;;
"2008-04-22 00:00	1.59105	1.60183	1.58307	1.59749	863739";;;;
"2008-04-23 00:00	1.59749	1.59977	1.58583	1.58760	869106";;;;
"2008-04-24 00:00	1.58721	1.58755	1.56331	1.56860	869979";;;;
"2008-04-25 00:00	1.56859	1.57063	1.55506	1.56276	804931";;;;
"2008-04-27 00:00	1.56242	1.56291	1.55892	1.56197	62736";;;;
"2008-04-28 00:00	1.56230	1.56924	1.55904	1.56485	866525";;;;
"2008-04-29 00:00	1.56509	1.56583	1.55384	1.55633	866876";;;;
"2008-04-30 00:00	1.55623	1.56415	1.55161	1.56290	865498";;;;
"2008-05-01 00:00	1.56272	1.56425	1.54273	1.54638	863145";;;;
"2008-05-02 00:00	1.54630	1.54978	1.53599	1.54218	804362";;;;
"2008-05-04 00:00	1.54270	1.54510	1.54204	1.54444	46487";;;;
"2008-05-05 00:00	1.54440	1.55211	1.54232	1.55152	865462";;;;
"2008-05-06 00:00	1.55148	1.55945	1.54495	1.55106	865881";;;;
"2008-05-07 00:00	1.55110	1.55181	1.53312	1.53406	865693";;;;
"2008-05-08 00:00	1.53414	1.54407	1.52825	1.54005	865593";;;;
"2008-05-09 00:00	1.54016	1.54886	1.53905	1.54811	774677";;;;
"2008-05-11 00:00	1.54831	1.54846	1.54384	1.54715	104572";;;;
"2008-05-12 00:00	1.54707	1.55699	1.53627	1.55150	861799";;;;
"2008-05-13 00:00	1.55134	1.55653	1.54275	1.54616	864181";;;;
"2008-05-14 00:00	1.54615	1.54860	1.53925	1.54587	864658";;;;
"2008-05-15 00:00	1.54580	1.55470	1.54173	1.54558	864536";;;;
"2008-05-16 00:00	1.54572	1.56019	1.54463	1.55748	802751";;;;
"2008-05-18 00:00	1.55779	1.55980	1.55687	1.55762	61437";;;;
"2008-05-19 00:00	1.55780	1.56333	1.54811	1.55303	867158";;;;
"2008-05-20 00:00	1.55299	1.56796	1.55035	1.56630	864382";;;;
"2008-05-21 00:00	1.56616	1.58009	1.56287	1.57843	868776";;;;
"2008-05-22 00:00	1.57839	1.58130	1.56893	1.57208	867555";;;;
"2008-05-23 00:00	1.57200	1.57939	1.56947	1.57578	808135";;;;
"2008-05-25 00:00	1.57652	1.57910	1.57457	1.57795	45590";;;;
"2008-05-26 00:00	1.57814	1.58003	1.57391	1.57857	865570";;;;
"2008-05-27 00:00	1.57878	1.58178	1.56695	1.56747	865088";;;;
"2008-05-28 00:00	1.56747	1.57600	1.56056	1.56496	861951";;;;
"2008-05-29 00:00	1.56508	1.56620	1.54800	1.55144	860065";;;;
"2008-05-30 00:00	1.55138	1.55682	1.54594	1.55493	773034";;;;
"2008-06-01 00:00	1.55512	1.55655	1.55433	1.55549	105505";;;;
"2008-06-02 00:00	1.55542	1.55881	1.54845	1.55334	864982";;;;
"2008-06-03 00:00	1.55329	1.56275	1.54085	1.54407	860363";;;;
"2008-06-04 00:00	1.54412	1.54825	1.54157	1.54230	862942";;;;
"2008-06-05 00:00	1.54251	1.56045	1.53633	1.55838	862057";;;;
"2008-06-06 00:00	1.55857	1.57780	1.55691	1.57748	799730";;;;
"2008-06-08 00:00	1.57831	1.57986	1.57614	1.57649	60708";;;;
"2008-06-09 00:00	1.57660	1.58432	1.55547	1.55819	862014";;;;
"2008-06-10 00:00	1.55809	1.56177	1.54371	1.54655	861823";;;;
"2008-06-11 00:00	1.54656	1.55868	1.54529	1.55350	861763";;;;
"2008-06-12 00:00	1.55333	1.55386	1.53764	1.54416	861445";;;;
"2008-06-13 00:00	1.54429	1.54621	1.53004	1.53770	803806";;;;
"2008-06-15 00:00	1.53826	1.54126	1.53683	1.53889	46267";;;;
"2008-06-16 00:00	1.53895	1.55188	1.53433	1.54634	861482";;;;
"2008-06-17 00:00	1.54632	1.55514	1.54607	1.55135	864320";;;;
"2008-06-18 00:00	1.55148	1.55798	1.54598	1.55706	860855";;;;
"2008-06-19 00:00	1.55694	1.55863	1.54631	1.54966	859717";;;;
"2008-06-20 00:00	1.54947	1.56510	1.54903	1.56028	772731";;;;
"2008-06-22 00:00	1.56153	1.56357	1.55917	1.56188	104432";;;;
"2008-06-23 00:00	1.56193	1.56247	1.54661	1.55145	860802";;;;
"2008-06-24 00:00	1.55152	1.56216	1.54876	1.55665	858824";;;;
"2008-06-25 00:00	1.55667	1.56872	1.55335	1.56659	859279";;;;
"2008-06-26 00:00	1.56677	1.57672	1.56249	1.57421	861131";;;;
"2008-06-27 00:00	1.57413	1.57924	1.57154	1.57906	800757";;;;
"2008-06-29 00:00	1.57789	1.57979	1.57701	1.57875	60755";;;;
"2008-06-30 00:00	1.57861	1.58359	1.57271	1.57466	859535";;;;
"2008-07-01 00:00	1.57462	1.58249	1.57210	1.58030	857791";;;;
"2008-07-02 00:00	1.58024	1.58917	1.57736	1.58775	853542";;;;
"2008-07-03 00:00	1.58762	1.59117	1.56708	1.57066	855442";;;;
"2008-07-04 00:00	1.57039	1.57262	1.56524	1.57029	797257";;;;
"2008-07-06 00:00	1.57002	1.57064	1.56487	1.56506	45897";;;;
"2008-07-07 00:00	1.56522	1.57533	1.56072	1.57230	857962";;;;
"2008-07-08 00:00	1.57208	1.57392	1.56333	1.56615	857260";;;;
"2008-07-09 00:00	1.56618	1.57494	1.56472	1.57287	855342";;;;
"2008-07-10 00:00	1.57297	1.58022	1.56876	1.57903	857107";;;;
"2008-07-11 00:00	1.57916	1.59472	1.57604	1.59368	768419";;;;
"2008-07-13 00:00	1.59498	1.59709	1.58789	1.58896	104289";;;;
"2008-07-14 00:00	1.58882	1.59350	1.58392	1.59058	858590";;;;
"2008-07-15 00:00	1.59050	1.60389	1.58643	1.59083	861112";;;;
"2008-07-16 00:00	1.59068	1.59477	1.57985	1.58340	856911";;;;
"2008-07-17 00:00	1.58312	1.58929	1.57815	1.58246	860126";;;;
"2008-07-18 00:00	1.58244	1.58867	1.58035	1.58448	796431";;;;
"2008-07-20 00:00	1.58418	1.58583	1.58265	1.58532	62031";;;;
"2008-07-21 00:00	1.58536	1.59319	1.58296	1.59253	857238";;;;
"2008-07-22 00:00	1.59269	1.59442	1.57536	1.57778	859225";;;;
"2008-07-23 00:00	1.57785	1.57989	1.56664	1.56790	858862";;;;
"2008-07-24 00:00	1.56784	1.57139	1.56253	1.56694	858084";;;;
"2008-07-25 00:00	1.56706	1.57537	1.56588	1.57043	796148";;;;
"2008-07-27 00:00	1.57047	1.57067	1.56801	1.56937	46611";;;;
"2008-07-28 00:00	1.56947	1.57683	1.56830	1.57413	858335";;;;
"2008-07-29 00:00	1.57406	1.57573	1.55493	1.55747	858334";;;;
"2008-07-30 00:00	1.55768	1.56166	1.55183	1.55745	853573";;;;
"2008-07-31 00:00	1.55736	1.56995	1.55554	1.55670	854897";;;;
"2008-08-01 00:00	1.55640	1.55886	1.55142	1.55609	769017";;;;
"2008-08-03 00:00	1.55638	1.55818	1.55586	1.55737	104617";;;;
"2008-08-04 00:00	1.55722	1.56306	1.55319	1.55398	858542";;;;
"2008-08-05 00:00	1.55400	1.55501	1.54442	1.54701	858719";;;;
"2008-08-06 00:00	1.54680	1.55167	1.53956	1.54268	851315";;;;
"2008-08-07 00:00	1.54264	1.55019	1.52343	1.52458	857383";;;;
"2008-08-08 00:00	1.52428	1.52497	1.49930	1.50032	795683";;;;
"2008-08-10 00:00	1.50000	1.50000	1.49026	1.49568	59445";;;;
"2008-08-11 00:00	1.49580	1.50835	1.48786	1.49019	854357";;;;
"2008-08-12 00:00	1.49022	1.49646	1.48112	1.49238	857018";;;;
"2008-08-13 00:00	1.49247	1.49796	1.48397	1.49009	860995";;;;
"2008-08-14 00:00	1.49004	1.49499	1.47486	1.47623	859210";;;;
"2008-08-15 00:00	1.47656	1.47928	1.46554	1.46856	796834";;;;
"2008-08-17 00:00	1.46988	1.47011	1.46960	1.46995	43270";;;;
"2008-08-18 00:00	1.46997	1.47679	1.46652	1.46821	858296";;;;
"2008-08-19 00:00	1.46833	1.48043	1.46272	1.47744	842447";;;;
"2008-08-20 00:00	1.47758	1.47843	1.46685	1.47745	854113";;;;
"2008-08-21 00:00	1.47722	1.49078	1.47398	1.48735	854364";;;;
"2008-08-22 00:00	1.48746	1.48949	1.47568	1.47909	765375";;;;
"2008-08-24 00:00	1.47803	1.47901	1.47130	1.47247	103927";;;;
"2008-08-25 00:00	1.47247	1.48067	1.46921	1.47114	854610";;;;
"2008-08-26 00:00	1.47117	1.47243	1.45655	1.46918	862453";;;;
"2008-08-27 00:00	1.46932	1.47761	1.46625	1.47561	863449";;;;
"2008-08-28 00:00	1.47542	1.48103	1.46691	1.47056	866092";;;;
"2008-08-29 00:00	1.47065	1.47674	1.46368	1.46714	801175";;;;
"2008-08-31 00:00	1.46748	1.47198	1.46311	1.46331	45836";;;;
"2008-09-01 00:00	1.46323	1.46686	1.45543	1.45813	863938";;;;
"2008-09-02 00:00	1.45805	1.45981	1.44626	1.45025	863938";;;;
"2008-09-03 00:00	1.45028	1.45259	1.43811	1.45121	865060";;;;
"2008-09-04 00:00	1.45111	1.45438	1.42108	1.42665	858402";;;;
"2008-09-05 00:00	1.42652	1.43462	1.41957	1.42666	775184";;;;
"2008-09-07 00:00	1.42658	1.43986	1.42658	1.43517	103594";;;;
"2008-09-08 00:00	1.43507	1.44280	1.40516	1.41048	864997";;;;
"2008-09-09 00:00	1.41051	1.42267	1.40435	1.41057	857514";;;;
"2008-09-10 00:00	1.41055	1.41796	1.39306	1.39422	858680";;;;
"2008-09-11 00:00	1.39411	1.40380	1.38778	1.39911	862384";;;;
"2008-09-12 00:00	1.39915	1.42325	1.39683	1.42204	801789";;;;
"2008-09-14 00:00	1.42253	1.43513	1.42253	1.43109	44498";;;;
"2008-09-15 00:00	1.43111	1.44821	1.40820	1.42199	860939";;;;
"2008-09-16 00:00	1.42200	1.42826	1.40699	1.41902	864281";;;;
"2008-09-17 00:00	1.41929	1.43837	1.40966	1.43353	861012";;;;
"2008-09-18 00:00	1.43358	1.45404	1.42107	1.42323	859302";;;;
"2008-09-19 00:00	1.42326	1.44975	1.41494	1.44646	772358";;;;
"2008-09-21 00:00	1.44698	1.45012	1.44330	1.44733	88370";;;;
"2008-09-22 00:00	1.44695	1.48640	1.44513	1.48158	861187";;;;
"2008-09-23 00:00	1.48156	1.48169	1.46195	1.46795	863949";;;;
"2008-09-24 00:00	1.46788	1.47451	1.45996	1.46571	865148";;;;
"2008-09-25 00:00	1.46573	1.47667	1.45584	1.46657	860876";;;;
"2008-09-26 00:00	1.46647	1.46777	1.45538	1.46108	771075";;;;
"2008-09-28 00:00	1.45811	1.45811	1.44795	1.44890	115698";;;;
"2008-09-29 00:00	1.44889	1.45675	1.43001	1.43855	1695439";;;;
"2008-09-30 00:00	1.43811	1.44243	1.40067	1.41210	880845";;;;
"2008-10-01 00:00	1.41210	1.41740	1.39370	1.39615	885295";;;;
"2008-10-02 00:00	1.39615	1.40145	1.37455	1.38125	907125";;;;
"2008-10-03 00:00	1.38125	1.39065	1.37025	1.37705	843617";;;;
"2008-10-05 00:00	1.36686	1.37040	1.36100	1.36450	63385";;;;
"2008-10-06 00:00	1.36450	1.36565	1.34430	1.35015	1123187";;;;
"2008-10-07 00:00	1.35015	1.37425	1.34815	1.35975	815313";;;;
"2008-10-08 00:00	1.35984	1.37535	1.35429	1.35926	693432";;;;
"2008-10-09 00:00	1.35927	1.37812	1.35510	1.35542	178124";;;;
"2008-10-10 00:00	1.35560	1.36407	1.32592	1.34091	128663";;;;
"2008-10-12 00:00	1.35653	1.36181	1.35412	1.35682	63296";;;;
"2008-10-13 00:00	1.35657	1.36823	1.34498	1.36346	175045";;;;
"2008-10-14 00:00	1.36319	1.37639	1.35348	1.35781	172273";;;;
"2008-10-15 00:00	1.35780	1.36847	1.34210	1.34652	173153";;;;
"2008-10-16 00:00	1.34654	1.35329	1.33467	1.34690	174898";;;;
"2008-10-17 00:00	1.34719	1.35080	1.33846	1.34052	149634";;;;
"2008-10-19 00:00	1.34216	1.34675	1.33917	1.34519	108912";;;;
"2008-10-20 00:00	1.34523	1.35299	1.32871	1.33235	712027";;;;
"2008-10-21 00:00	1.33237	1.33404	1.29995	1.30132	712508";;;;
"2008-10-22 00:00	1.30122	1.30144	1.27257	1.28047	713232";;;;
"2008-10-23 00:00	1.28047	1.30016	1.27319	1.28475	713523";;;;
"2008-10-24 00:00	1.28471	1.28918	1.24941	1.26190	648628";;;;
"2008-10-26 00:00	1.25557	1.26774	1.25293	1.25960	75422";;;;
"2008-10-27 00:00	1.25989	1.26256	1.23331	1.24045	1409145";;;;
"2008-10-28 00:00	1.24060	1.28374	1.23290	1.27405	709213";;;;
"2008-10-29 00:00	1.27405	1.30905	1.26235	1.30550	673240";;;;
"2008-10-30 00:00	1.30550	1.32850	1.27445	1.27830	657516";;;;
"2008-10-31 00:00	1.27830	1.28735	1.26675	1.27330	524940";;;;
"2008-11-02 00:00	1.27450	1.27945	1.27355	1.27940	15471";;;;
"2008-11-03 00:00	1.27940	1.28985	1.25750	1.25910	728008";;;;
"2008-11-04 00:00	1.25910	1.30480	1.25250	1.29525	920025";;;;
"2008-11-05 00:00	1.29520	1.31145	1.27925	1.29060	863462";;;;
"2008-11-06 00:00	1.29060	1.29320	1.26625	1.26640	822782";;;;
"2008-11-07 00:00	1.26640	1.28500	1.26520	1.27160	700299";;;;
"2008-11-09 00:00	1.28160	1.28865	1.27750	1.28850	42155";;;;
"2008-11-10 00:00	1.28850	1.29270	1.26955	1.27000	685775";;;;
"2008-11-11 00:00	1.27005	1.28000	1.24760	1.25325	633944";;;;
"2008-11-12 00:00	1.25330	1.26310	1.24365	1.24585	690368";;;;
"2008-11-13 00:00	1.24585	1.28525	1.23880	1.27370	507175";;;;
"2008-11-14 00:00	1.27365	1.27990	1.25765	1.26025	664587";;;;
"2008-11-16 00:00	1.25297	1.25820	1.25115	1.25440	38586";;;;
"2008-11-17 00:00	1.25440	1.27415	1.25275	1.26160	613809";;;;
"2008-11-18 00:00	1.26165	1.27000	1.25665	1.26210	691371";;;;
"2008-11-19 00:00	1.26210	1.28140	1.24720	1.25155	566775";;;;
"2008-11-20 00:00	1.25155	1.25935	1.24230	1.24335	558165";;;;
"2008-11-21 00:00	1.24335	1.26375	1.24330	1.25855	567137";;;;
"2008-11-23 00:00	1.25850	1.26535	1.25835	1.26060	23180";;;;
"2008-11-24 00:00	1.26053	1.29600	1.25670	1.28720	890114";;;;
"2008-11-25 00:00	1.28730	1.30810	1.28035	1.30180	727302";;;;
"2008-11-26 00:00	1.30180	1.30270	1.28190	1.28955	761011";;;;
"2008-11-27 00:00	1.28965	1.29680	1.28590	1.28895	690571";;;;
"2008-11-28 00:00	1.28895	1.29570	1.26450	1.26890	693774";;;;
"2008-11-30 00:00	1.27093	1.27115	1.26530	1.26630	20542";;;;
"2008-12-01 00:00	1.26625	1.27035	1.25810	1.26145	752047";;;;
"2008-12-02 00:00	1.26150	1.27655	1.25620	1.26845	719626";;;;
"2008-12-03 00:00	1.26850	1.27415	1.26020	1.26835	824902";;;;
"2008-12-04 00:00	1.26830	1.28475	1.25490	1.27385	844420";;;;
"2008-12-05 00:00	1.27390	1.27990	1.26270	1.27198	696519";;;;
"2008-12-07 00:00	1.27254	1.27630	1.27155	1.27610	11192";;;;
"2008-12-08 00:00	1.27610	1.29675	1.27395	1.29110	819611";;;;
"2008-12-09 00:00	1.29110	1.30005	1.27980	1.29310	933608";;;;
"2008-12-10 00:00	1.29310	1.30700	1.29035	1.30200	996480";;;;
"2008-12-11 00:00	1.30200	1.34030	1.30150	1.33195	766994";;;;
"2008-12-12 00:00	1.33195	1.34150	1.32505	1.33682	487267";;;;
"2008-12-14 00:00	1.33661	1.34610	1.33637	1.34450	21919";;;;
"2008-12-15 00:00	1.34450	1.37260	1.34300	1.36925	658455";;;;
"2008-12-16 00:00	1.36930	1.41475	1.36300	1.40660	733798";;;;
"2008-12-17 00:00	1.40660	1.44550	1.40070	1.44325	631334";;;;
"2008-12-18 00:00	1.44315	1.46925	1.41875	1.42435	473721";;;;
"2008-12-19 00:00	1.42445	1.43045	1.38265	1.39110	462905";;;;
"2008-12-21 00:00	1.39315	1.40453	1.39076	1.40050	28113";;;;
"2008-12-22 00:00	1.40050	1.41245	1.39025	1.39700	541230";;;;
"2008-12-23 00:00	1.39710	1.40210	1.39135	1.39405	466108";;;;
"2008-12-24 00:00	1.39405	1.40190	1.39350	1.39818	297671";;;;
"2008-12-25 00:00	1.39820	1.40465	1.39757	1.40070	461812";;;;
"2008-12-26 00:00	1.40070	1.41155	1.39895	1.40182	125404";;;;
"2008-12-28 00:00	1.40600	1.41335	1.40568	1.41240	21244";;;;
"2008-12-29 00:00	1.41240	1.43625	1.39165	1.40625	614963";;;;
"2008-12-30 00:00	1.40630	1.42210	1.39880	1.41310	495191";;;;
"2008-12-31 00:00	1.41310	1.41415	1.38505	1.39682	361713";;;;
"2009-01-01 00:00	1.39684	1.40707	1.39600	1.40150	479132";;;;
"2009-01-02 00:00	1.40150	1.40150	1.38385	1.39185	382996";;;;
"2009-01-04 00:00	1.38977	1.39610	1.38743	1.39435	20715";;;;
"2009-01-05 00:00	1.39435	1.39510	1.35495	1.35910	553175";;;;
"2009-01-06 00:00	1.35910	1.36175	1.33130	1.34785	638062";;;;
"2009-01-07 00:00	1.34785	1.37470	1.34320	1.35765	750272";;;;
"2009-01-08 00:00	1.35765	1.37965	1.35345	1.36645	738204";;;;
"2009-01-09 00:00	1.36650	1.37305	1.34150	1.34672	456312";;;;
"2009-01-11 00:00	1.34688	1.34735	1.33790	1.34070	28762";;;;
"2009-01-12 00:00	1.34075	1.34455	1.32938	1.33080	605674";;;;
"2009-01-13 00:00	1.33090	1.33370	1.31402	1.32135	721522";;;;
"2009-01-14 00:00	1.32135	1.33370	1.30940	1.31725	634383";;;;
"2009-01-15 00:00	1.31725	1.32340	1.30247	1.31475	805227";;;;
"2009-01-16 00:00	1.31475	1.33425	1.31475	1.32640	658503";;;;
"2009-01-18 00:00	1.33352	1.33845	1.33150	1.33250	35993";;;;
"2009-01-19 00:00	1.33250	1.33775	1.29915	1.30055	608780";;;;
"2009-01-20 00:00	1.30055	1.30475	1.28470	1.28825	622061";;;;
"2009-01-21 00:00	1.28825	1.30855	1.28235	1.29775	663406";;;;
"2009-01-22 00:00	1.29780	1.30820	1.29085	1.29905	570138";;;;
"2009-01-23 00:00	1.29905	1.30345	1.27675	1.29725	512916";;;;
"2009-01-25 00:00	1.29621	1.29666	1.28705	1.28775	19692";;;;
"2009-01-26 00:00	1.28775	1.32355	1.28610	1.31615	736340";;;;
"2009-01-27 00:00	1.31630	1.33290	1.31165	1.31815	762054";;;;
"2009-01-28 00:00	1.31810	1.33230	1.31015	1.31190	863394";;;;
"2009-01-29 00:00	1.31185	1.31790	1.28825	1.28870	771372";;;;
"2009-01-30 00:00	1.28870	1.29285	1.27625	1.28105	723585";;;;
"2009-02-01 00:00	1.27672	1.27825	1.27365	1.27400	35452";;;;
"2009-02-02 00:00	1.27405	1.28985	1.27055	1.28330	645113";;;;
"2009-02-03 00:00	1.28340	1.30565	1.28010	1.29660	730079";;;;
"2009-02-04 00:00	1.29665	1.30705	1.28080	1.28105	709563";;;;
"2009-02-05 00:00	1.28115	1.29050	1.27615	1.27885	683698";;;;
"2009-02-06 00:00	1.27885	1.29925	1.27470	1.29380	593180";;;;
"2009-02-08 00:00	1.29610	1.29920	1.29443	1.29745	41445";;;;
"2009-02-09 00:00	1.29745	1.30925	1.28720	1.28970	854273";;;;
"2009-02-10 00:00	1.28970	1.30735	1.28095	1.28810	839023";;;;
"2009-02-11 00:00	1.28805	1.29980	1.28330	1.28940	761319";;;;
"2009-02-12 00:00	1.28950	1.29430	1.27210	1.28805	703685";;;;
"2009-02-13 00:00	1.28810	1.29420	1.28210	1.28605	477596";;;;
"2009-02-15 00:00	1.27793	1.28075	1.27525	1.27615	32715";;;;
"2009-02-16 00:00	1.27615	1.28245	1.27265	1.27655	551530";;;;
"2009-02-17 00:00	1.27645	1.27645	1.25575	1.25800	834004";;;;
"2009-02-18 00:00	1.25800	1.26400	1.25125	1.25760	558509";;;;
"2009-02-19 00:00	1.25765	1.27600	1.25655	1.26340	603738";;;;
"2009-02-20 00:00	1.26340	1.28790	1.25565	1.28250	672059";;;;
"2009-02-22 00:00	1.28040	1.28260	1.27790	1.27870	30262";;;;
"2009-02-23 00:00	1.27870	1.29915	1.26620	1.26855	1099369";;;;
"2009-02-24 00:00	1.26855	1.28775	1.26800	1.28485	983781";;;;
"2009-02-25 00:00	1.28485	1.28985	1.26895	1.27390	1120421";;;;
"2009-02-26 00:00	1.27390	1.28105	1.26820	1.26990	652051";;;;
"2009-02-27 00:00	1.26995	1.27500	1.26040	1.26650	669008";;;;
"2009-03-01 00:00	1.26295	1.26368	1.25600	1.25710	27969";;;;
"2009-03-02 00:00	1.25715	1.26320	1.25385	1.25675	847567";;;;
"2009-03-03 00:00	1.25675	1.26775	1.24560	1.24615	891817";;;;
"2009-03-04 00:00	1.24620	1.26630	1.24605	1.26035	871503";;;;
"2009-03-05 00:00	1.26035	1.26230	1.24805	1.25590	710385";;;;
"2009-03-06 00:00	1.25585	1.27505	1.25375	1.26485	782704";;;;
"2009-03-08 00:00	1.26488	1.27265	1.26488	1.27050	81988";;;;
"2009-03-09 00:00	1.27050	1.27090	1.25555	1.26280	1019640";;;;
"2009-03-10 00:00	1.26280	1.28215	1.26105	1.27270	1033373";;;;
"2009-03-11 00:00	1.27270	1.28645	1.26160	1.28465	1093725";;;;
"2009-03-12 00:00	1.28465	1.29445	1.27315	1.29210	1035711";;;;
"2009-03-13 00:00	1.29220	1.29570	1.28620	1.29280	783491";;;;
"2009-03-15 00:00	1.28791	1.28940	1.28375	1.28730	38324";;;;
"2009-03-16 00:00	1.28740	1.30710	1.28730	1.29750	1126838";;;;
"2009-03-17 00:00	1.29750	1.30410	1.29300	1.30115	774110";;;;
"2009-03-18 00:00	1.30115	1.35345	1.29860	1.34510	981251";;;;
"2009-03-19 00:00	1.34510	1.37375	1.34165	1.36555	958206";;;;
"2009-03-20 00:00	1.36555	1.37260	1.35170	1.35795	808383";;;;
"2009-03-22 00:00	1.36200	1.36740	1.36120	1.36280	74976";;;;
"2009-03-23 00:00	1.36285	1.37360	1.34850	1.36640	737166";;;;
"2009-03-24 00:00	1.36635	1.36780	1.34305	1.34655	1096592";;;;
"2009-03-25 00:00	1.34645	1.36465	1.34180	1.35895	830551";;;;
"2009-03-26 00:00	1.35895	1.36385	1.34940	1.35570	910547";;;;
"2009-03-27 00:00	1.35563	1.35910	1.32565	1.32870	659854";;;;
"2009-03-29 00:00	1.32282	1.32845	1.32105	1.32640	34701";;;;
"2009-03-30 00:00	1.32640	1.32770	1.31160	1.32100	685216";;;;
"2009-03-31 00:00	1.32100	1.33425	1.31730	1.31775	761508";;;;
"2009-04-01 00:00	1.31775	1.32860	1.31665	1.32640	672469";;;;
"2009-04-02 00:00	1.32635	1.35170	1.32505	1.34590	690330";;;;
"2009-04-03 00:00	1.34590	1.34930	1.33650	1.34835	582568";;;;
"2009-04-05 00:00	1.34955	1.35520	1.34934	1.35430	35342";;;;
"2009-04-06 00:00	1.35430	1.35815	1.33215	1.33425	637657";;;;
"2009-04-07 00:00	1.33415	1.33970	1.31895	1.32030	684181";;;;
"2009-04-08 00:00	1.32030	1.33075	1.31480	1.32400	703805";;;;
"2009-04-09 00:00	1.32400	1.33355	1.30970	1.31110	581103";;;;
"2009-04-10 00:00	1.31110	1.31875	1.30920	1.31845	171018";;;;
"2009-04-12 00:00	1.31862	1.31890	1.31270	1.31430	16394";;;;
"2009-04-13 00:00	1.31430	1.33915	1.31395	1.33260	260165";;;;
"2009-04-14 00:00	1.33260	1.33665	1.32260	1.32430	512719";;;;
"2009-04-15 00:00	1.32430	1.32975	1.31460	1.32650	621140";;;;
"2009-04-16 00:00	1.32640	1.32640	1.31265	1.31550	615509";;;;
"2009-04-17 00:00	1.31550	1.31620	1.30170	1.30430	559432";;;;
"2009-04-19 00:00	1.30577	1.30591	1.29680	1.29845	47083";;;;
"2009-04-20 00:00	1.29850	1.30180	1.28910	1.29130	544973";;;;
"2009-04-21 00:00	1.29125	1.29935	1.28985	1.29210	565060";;;;
"2009-04-22 00:00	1.29215	1.30370	1.28845	1.29930	587141";;;;
"2009-04-23 00:00	1.29930	1.31605	1.29795	1.31290	545539";;;;
"2009-04-24 00:00	1.31290	1.33010	1.31205	1.32395	520496";;;;
"2009-04-26 00:00	1.32440	1.32458	1.31785	1.31955	45778";;;;
"2009-04-27 00:00	1.31955	1.32025	1.29960	1.30170	544791";;;;
"2009-04-28 00:00	1.30180	1.31660	1.29635	1.31535	491200";;;;
"2009-04-29 00:00	1.31540	1.33390	1.31405	1.32950	483715";;;;
"2009-04-30 00:00	1.32950	1.33855	1.31905	1.32460	468815";;;;
"2009-05-01 00:00	1.32460	1.33275	1.32270	1.32705	300231";;;;
"2009-05-03 00:00	1.32678	1.33245	1.32636	1.33170	55620";;;;
"2009-05-04 00:00	1.33170	1.34375	1.32120	1.33855	413893";;;;
"2009-05-05 00:00	1.33860	1.34355	1.32820	1.33035	406469";;;;
"2009-05-06 00:00	1.33035	1.33745	1.32455	1.32859	506304";;;;
"2009-05-07 00:00	1.32861	1.34700	1.32515	1.33585	366521";;;;
"2009-05-08 00:00	1.33590	1.36500	1.33415	1.36390	362684";;;;
"2009-05-10 00:00	1.36440	1.36560	1.36145	1.36290	32625";;;;
"2009-05-11 00:00	1.36290	1.36670	1.35570	1.35830	601342";;;;
"2009-05-12 00:00	1.35825	1.37220	1.35625	1.36960	782819";;;;
"2009-05-13 00:00	1.36960	1.37160	1.35245	1.35645	616776";;;;
"2009-05-14 00:00	1.35650	1.36650	1.35310	1.36355	434215";;;;
"2009-05-15 00:00	1.36360	1.36440	1.34620	1.34945	378412";;;;
"2009-05-17 00:00	1.34778	1.34890	1.34285	1.34395	53267";;;;
"2009-05-18 00:00	1.34405	1.35630	1.34230	1.35335	462080";;;;
"2009-05-19 00:00	1.35335	1.36680	1.35330	1.36135	515227";;;;
"2009-05-20 00:00	1.36130	1.38290	1.35835	1.37680	500613";;;;
"2009-05-21 00:00	1.37680	1.39545	1.37280	1.39535	544484";;;;
"2009-05-22 00:00	1.39535	1.40500	1.38995	1.39955	606422";;;;
"2009-05-24 00:00	1.40169	1.40480	1.39905	1.40055	38730";;;;
"2009-05-25 00:00	1.40060	1.40275	1.39575	1.39860	391976";;;;
"2009-05-26 00:00	1.39865	1.40050	1.38600	1.39810	828179";;;;
"2009-05-27 00:00	1.39815	1.39955	1.38223	1.38435	799221";;;;
"2009-05-28 00:00	1.38430	1.39830	1.37930	1.39540	783704";;;;
"2009-05-29 00:00	1.39540	1.41685	1.39475	1.41565	770232";;;;
"2009-05-31 00:00	1.41449	1.41450	1.40990	1.41165	50227";;;;
"2009-06-01 00:00	1.41170	1.42460	1.41135	1.41560	804418";;;;
"2009-06-02 00:00	1.41555	1.43310	1.41015	1.42910	772432";;;;
"2009-06-03 00:00	1.42905	1.43370	1.41085	1.41670	831294";;;;
"2009-06-04 00:00	1.41675	1.42410	1.40700	1.41835	945255";;;;
"2009-06-05 00:00	1.41845	1.42675	1.39325	1.39650	733533";;;;
"2009-06-07 00:00	1.39680	1.39770	1.39268	1.39725	36932";;;;
"2009-06-08 00:00	1.39725	1.40020	1.38050	1.39165	824485";;;;
"2009-06-09 00:00	1.39165	1.41010	1.38520	1.40670	761248";;;;
"2009-06-10 00:00	1.40670	1.41435	1.39150	1.40060	697812";;;;
"2009-06-11 00:00	1.40060	1.41715	1.39430	1.41060	674676";;;;
"2009-06-12 00:00	1.41060	1.41250	1.39360	1.40150	670321";;;;
"2009-06-14 00:00	1.39929	1.40002	1.39620	1.39754	45499";;;;
"2009-06-15 00:00	1.39756	1.39809	1.37484	1.37613	204424";;;;
"2009-06-16 00:00	1.37640	1.39196	1.37607	1.38346	205281";;;;
"2009-06-17 00:00	1.38348	1.39699	1.38203	1.39499	203997";;;;
"2009-06-18 00:00	1.39505	1.39897	1.38819	1.39099	203866";;;;
"2009-06-19 00:00	1.39115	1.40120	1.38830	1.39380	323788";;;;
"2009-06-21 00:00	1.39468	1.39550	1.39030	1.39030	24377";;;;
"2009-06-22 00:00	1.39030	1.39220	1.38260	1.38375	550839";;;;
"2009-06-23 00:00	1.38375	1.41080	1.38285	1.40800	610599";;;;
"2009-06-24 00:00	1.40795	1.41380	1.38875	1.39615	570999";;;;
"2009-06-25 00:00	1.39615	1.40394	1.38885	1.40281	541847";;;;
"2009-06-26 00:00	1.40269	1.41180	1.40140	1.40530	442107";;;;
"2009-06-28 00:00	1.40609	1.40765	1.40449	1.40691	24512";;;;
"2009-06-29 00:00	1.40696	1.40988	1.40679	1.40980	455439";;;;
"2009-06-30 00:00	1.40980	1.40988	1.40280	1.40313	571587";;;;
"2009-07-01 00:00	1.40280	1.41993	1.39978	1.41266	82276";;;;
"2009-07-02 00:00	1.41250	1.41385	1.39256	1.39663	81615";;;;
"2009-07-03 00:00	1.39672	1.40282	1.39584	1.39792	72253";;;;
"2009-07-05 00:00	1.39591	1.39784	1.39485	1.39694	8012";;;;
"2009-07-06 00:00	1.39678	1.39977	1.38749	1.39694	81165";;;;
"2009-07-07 00:00	1.39674	1.40497	1.38788	1.39007	81672";;;;
"2009-07-08 00:00	1.39011	1.39391	1.38294	1.38864	81188";;;;
"2009-07-09 00:00	1.38851	1.40722	1.38825	1.39941	81228";;;;
"2009-07-10 00:00	1.39919	1.40033	1.38734	1.39351	72466";;;;
"2009-07-12 00:00	1.39364	1.39780	1.39361	1.39724	8808";;;;
"2009-07-13 00:00	1.39734	1.40081	1.38942	1.39791	81323";;;;
"2009-07-14 00:00	1.39789	1.40136	1.39084	1.39791	80119";;;;
"2009-07-15 00:00	1.39802	1.41335	1.39688	1.40751	81140";;;;
"2009-07-16 00:00	1.40749	1.41648	1.40536	1.41174	80765";;;;
"2009-07-17 00:00	1.41160	1.41492	1.40599	1.40986	72383";;;;
"2009-07-19 00:00	1.40953	1.41454	1.40904	1.41396	8616";;;;
"2009-07-20 00:00	1.41413	1.42494	1.41406	1.42054	80119";;;;
"2009-07-21 00:00	1.42048	1.42760	1.41601	1.41840	81492";;;;
"2009-07-22 00:00	1.41857	1.42562	1.41529	1.42221	81847";;;;
"2009-07-23 00:00	1.42232	1.42908	1.41181	1.41468	80809";;;;
"2009-07-24 00:00	1.41429	1.42529	1.41337	1.42006	72704";;;;
"2009-07-26 00:00	1.42057	1.42316	1.41692	1.41959	7966";;;;
"2009-07-27 00:00	1.41936	1.42967	1.41897	1.42320	81137";;;;
"2009-07-28 00:00	1.42351	1.43028	1.41277	1.41801	79757";;;;
"2009-07-29 00:00	1.41781	1.41949	1.40043	1.40590	80887";;;;
"2009-07-30 00:00	1.40578	1.40940	1.40124	1.40901	82585";;;;
"2009-07-31 00:00	1.40903	1.42796	1.40834	1.42554	72894";;;;
"2009-08-02 00:00	1.42535	1.43084	1.42432	1.42495	9292";;;;
"2009-08-03 00:00	1.42517	1.44444	1.42025	1.44051	80437";;;;
"2009-08-04 00:00	1.44077	1.44295	1.43645	1.44138	81320";;;;
"2009-08-05 00:00	1.44144	1.44469	1.43540	1.44085	80900";;;;
"2009-08-06 00:00	1.44077	1.44284	1.43261	1.43601	82207";;;;
"2009-08-07 00:00	1.43602	1.44111	1.41533	1.41804	73145";;;;
"2009-08-09 00:00	1.41828	1.42046	1.41646	1.42001	9193";;;;
"2009-08-10 00:00	1.42002	1.42177	1.41014	1.41447	81744";;;;
"2009-08-11 00:00	1.41462	1.41849	1.41066	1.41571	82387";;;;
"2009-08-12 00:00	1.41557	1.42463	1.40827	1.42143	80516";;;;
"2009-08-13 00:00	1.42155	1.43264	1.42089	1.42893	82382";;;;
"2009-08-14 00:00	1.42897	1.43058	1.41561	1.42011	72560";;;;
"2009-08-16 00:00	1.41972	1.41972	1.41510	1.41549	8052";;;;
"2009-08-17 00:00	1.41531	1.41625	1.40440	1.41023	81457";;;;
"2009-08-18 00:00	1.41039	1.41529	1.40657	1.41271	76660";;;;
"2009-08-19 00:00	1.41405	1.42656	1.40804	1.42215	76472";;;;
"2009-08-20 00:00	1.42184	1.42738	1.41999	1.42411	80933";;;;
"2009-08-21 00:00	1.42399	1.43776	1.42043	1.43247	73815";;;;
"2009-08-23 00:00	1.43253	1.43572	1.43253	1.43441	9084";;;;
"2009-08-24 00:00	1.43442	1.43533	1.42775	1.42813	81708";;;;
"2009-08-25 00:00	1.42819	1.43609	1.42496	1.42895	81429";;;;
"2009-08-26 00:00	1.42884	1.43508	1.42026	1.42251	82161";;;;
"2009-08-27 00:00	1.42245	1.44054	1.42157	1.43630	82011";;;;
"2009-08-28 00:00	1.43642	1.43884	1.42790	1.43013	73273";;;;
"2009-08-30 00:00	1.43009	1.43187	1.42804	1.43107	8586";;;;
"2009-08-31 00:00	1.43109	1.43685	1.42531	1.43201	82015";;;;
"2009-09-01 00:00	1.43216	1.43780	1.41741	1.41964	81045";;;;
"2009-09-02 00:00	1.41940	1.42937	1.41901	1.42594	81910";;;;
"2009-09-03 00:00	1.42567	1.43466	1.42338	1.42505	81855";;;;
"2009-09-04 00:00	1.42490	1.43252	1.41894	1.42928	72894";;;;
"2009-09-06 00:00	1.42972	1.43276	1.42950	1.43217	7825";;;;
"2009-09-07 00:00	1.43243	1.43620	1.43142	1.43377	81287";;;;
"2009-09-08 00:00	1.43376	1.45351	1.43260	1.45049	81571";;;;
"2009-09-09 00:00	1.45056	1.45980	1.44631	1.45527	81282";;;;
"2009-09-10 00:00	1.45571	1.46103	1.45007	1.45702	81029";;;;
"2009-09-11 00:00	1.45721	1.46317	1.45527	1.45688	72837";;;;
"2009-09-13 00:00	1.45681	1.46067	1.45283	1.45373	9550";;;;
"2009-09-14 00:00	1.45372	1.46516	1.45121	1.46263	80821";;;;
"2009-09-15 00:00	1.46254	1.46850	1.45597	1.46776	81011";;;;
"2009-09-16 00:00	1.46779	1.47353	1.46429	1.47096	80737";;;;
"2009-09-17 00:00	1.47097	1.47654	1.46853	1.47237	80441";;;;
"2009-09-18 00:00	1.47245	1.47355	1.46455	1.47084	73040";;;;
"2009-09-20 00:00	1.47100	1.47121	1.46794	1.47021	8598";;;;
"2009-09-21 00:00	1.47029	1.47069	1.46082	1.46985	81766";;;;
"2009-09-22 00:00	1.46982	1.48383	1.46969	1.47925	81198";;;;
"2009-09-23 00:00	1.47932	1.48421	1.46852	1.47500	82024";;;;
"2009-09-24 00:00	1.47499	1.48026	1.46162	1.46260	81338";;;;
"2009-09-25 00:00	1.46282	1.47234	1.46114	1.46859	71871";;;;
"2009-09-27 00:00	1.46960	1.47197	1.46362	1.46425	7866";;;;
"2009-09-28 00:00	1.46426	1.46790	1.45593	1.45926	81002";;;;
"2009-09-29 00:00	1.45926	1.46455	1.45246	1.45981	81138";;;;
"2009-09-30 00:00	1.45983	1.46728	1.45723	1.46502	80701";;;;
"2009-10-01 00:00	1.46471	1.46514	1.45021	1.45141	80623";;;;
"2009-10-02 00:00	1.45141	1.46467	1.44792	1.45743	72388";;;;
"2009-10-04 00:00	1.45773	1.46317	1.45772	1.46229	8969";;;;
"2009-10-05 00:00	1.46210	1.46685	1.45908	1.46593	80860";;;;
"2009-10-06 00:00	1.46582	1.47612	1.46569	1.47011	81390";;;;
"2009-10-07 00:00	1.47005	1.47371	1.46480	1.47207	81942";;;;
"2009-10-08 00:00	1.47202	1.48160	1.47171	1.47636	80560";;;;
"2009-10-09 00:00	1.47640	1.47759	1.46721	1.47290	73125";;;;
"2009-10-11 00:00	1.47240	1.47412	1.46891	1.46912	8708";;;;
"2009-10-12 00:00	1.46914	1.48127	1.46751	1.47757	81069";;;;
"2009-10-13 00:00	1.47732	1.48756	1.47575	1.48431	82417";;;;
"2009-10-14 00:00	1.48422	1.49486	1.48371	1.49468	80662";;;;
"2009-10-15 00:00	1.49479	1.49687	1.48412	1.49639	81927";;;;
"2009-10-16 00:00	1.49627	1.49660	1.48463	1.49032	72964";;;;
"2009-10-18 00:00	1.49047	1.49178	1.48301	1.48397	8003";;;;
"2009-10-19 00:00	1.48433	1.49801	1.48321	1.49728	81262";;;;
"2009-10-20 00:00	1.49728	1.49940	1.48806	1.49234	79123";;;;
"2009-10-21 00:00	1.49226	1.50456	1.48846	1.50192	79682";;;;
"2009-10-22 00:00	1.50191	1.50590	1.49413	1.50305	80638";;;;
"2009-10-23 00:00	1.50306	1.50506	1.49830	1.50057	71051";;;;
"2009-10-25 00:00	1.49934	1.50107	1.49778	1.50061	8938";;;;
"2009-10-26 00:00	1.50069	1.50600	1.48420	1.48641	79782";;;;
"2009-10-27 00:00	1.48640	1.49260	1.47660	1.47997	79198";;;;
"2009-10-28 00:00	1.48000	1.48405	1.46836	1.46997	79499";;;;
"2009-10-29 00:00	1.46992	1.48582	1.46914	1.48280	80703";;;;
"2009-10-30 00:00	1.48268	1.48585	1.47003	1.47204	71495";;;;
"2009-11-01 00:00	1.47151	1.47423	1.46814	1.47317	5171";;;;
"2009-11-02 00:00	1.47295	1.48445	1.47173	1.47952	79699";;;;
"2009-11-03 00:00	1.47957	1.48069	1.46235	1.47143	79819";;;;
"2009-11-04 00:00	1.47174	1.49069	1.47070	1.48383	80169";;;;
"2009-11-05 00:00	1.48387	1.49166	1.48067	1.48616	80586";;;;
"2009-11-06 00:00	1.48612	1.49138	1.48102	1.48454	74670";;;;
"2009-11-08 00:00	1.48793	1.48956	1.48500	1.48941	4614";;;;
"2009-11-09 00:00	1.48953	1.50197	1.48802	1.49871	80206";;;;
"2009-11-10 00:00	1.49856	1.50206	1.49357	1.50031	80303";;;;
"2009-11-11 00:00	1.50029	1.50495	1.49498	1.50090	79481";;;;
"2009-11-12 00:00	1.50092	1.50149	1.48201	1.48649	79447";;;;
"2009-11-13 00:00	1.48634	1.49350	1.48231	1.48991	74684";;;;
"2009-11-15 00:00	1.49164	1.49636	1.49133	1.49517	6093";;;;
"2009-11-16 00:00	1.49498	1.50148	1.48805	1.49791	79953";;;;
"2009-11-17 00:00	1.49785	1.49843	1.48048	1.48845	79462";;;;
"2009-11-18 00:00	1.48830	1.49896	1.48661	1.49461	79465";;;;
"2009-11-19 00:00	1.49450	1.49503	1.48395	1.49144	80183";;;;
"2009-11-20 00:00	1.49118	1.49347	1.47998	1.48595	74797";;;;
"2009-11-22 00:00	1.48551	1.49077	1.48313	1.48989	5119";;;;
"2009-11-23 00:00	1.48982	1.49977	1.48832	1.49458	79811";;;;
"2009-11-24 00:00	1.49445	1.49887	1.48859	1.49612	79095";;;;
"2009-11-25 00:00	1.49614	1.51441	1.49598	1.51240	79318";;;;
"2009-11-26 00:00	1.51227	1.51381	1.49404	1.49598	79366";;;;
"2009-11-27 00:00	1.49594	1.49893	1.48264	1.49853	74403";;;;
"2009-11-29 00:00	1.50094	1.50197	1.49620	1.49971	4429";;;;
"2009-11-30 00:00	1.49996	1.50825	1.49702	1.50094	79577";;;;
"2009-12-01 00:00	1.50064	1.51194	1.49719	1.50891	79076";;;;
"2009-12-02 00:00	1.50881	1.51096	1.50290	1.50761	80190";;;;
"2009-12-03 00:00	1.50759	1.51398	1.50344	1.50518	78859";;;;
"2009-12-04 00:00	1.50521	1.50911	1.48188	1.48547	74249";;;;
"2009-12-06 00:00	1.48532	1.48949	1.48487	1.48765	6554";;;;
"2009-12-07 00:00	1.48755	1.49042	1.47535	1.48532	79077";;;;
"2009-12-08 00:00	1.48515	1.48652	1.46699	1.47078	79739";;;;
"2009-12-09 00:00	1.47055	1.47809	1.46717	1.47389	80143";;;;
"2009-12-10 00:00	1.47367	1.47597	1.46827	1.47306	78406";;;;
"2009-12-11 00:00	1.47294	1.47758	1.45845	1.46112	74637";;;;
"2009-12-13 00:00	1.46224	1.46390	1.45955	1.46235	4688";;;;
"2009-12-14 00:00	1.46201	1.46848	1.46042	1.46505	80005";;;;
"2009-12-15 00:00	1.46518	1.46577	1.45011	1.45379	79767";;;;
"2009-12-16 00:00	1.45331	1.45903	1.45023	1.45218	79604";;;;
"2009-12-17 00:00	1.45231	1.45242	1.43035	1.43452	80790";;;;
"2009-12-18 00:00	1.43446	1.44105	1.42582	1.43364	75795";;;;
"2009-12-20 00:00	1.43037	1.43480	1.42972	1.43240	5723";;;;
"2009-12-21 00:00	1.43246	1.43727	1.42636	1.42897	79957";;;;
"2009-12-22 00:00	1.42889	1.43320	1.42149	1.42552	80187";;;;
"2009-12-23 00:00	1.42553	1.43646	1.42315	1.43351	81125";;;;
"2009-12-24 00:00	1.43334	1.44180	1.43278	1.43577	79264";;;;
"2009-12-25 00:00	1.43579	1.44365	1.43570	1.43772	73987";;;;
"2009-12-27 00:00	1.43859	1.43927	1.43505	1.43569	6347";;;;
"2009-12-28 00:00	1.43579	1.44138	1.43524	1.43613	80168";;;;
"2009-12-29 00:00	1.43609	1.44572	1.43173	1.43231	80607";;;;
"2009-12-30 00:00	1.43237	1.43606	1.42694	1.43513	79442";;;;
"2009-12-31 00:00	1.43522	1.44400	1.43025	1.43276	79548";;;;
"2010-01-01 00:00	1.43287	1.43356	1.43181	1.43335	74598";;;;
"2010-01-03 00:00	1.43024	1.43359	1.42870	1.42886	4500";;;;
"2010-01-04 00:00	1.42868	1.44556	1.42559	1.44172	79921";;;;
"2010-01-05 00:00	1.44169	1.44834	1.43323	1.43460	80035";;;;
"2010-01-06 00:00	1.43448	1.44432	1.42807	1.44223	81105";;;;
"2010-01-07 00:00	1.44226	1.44267	1.42976	1.43157	80736";;;;
"2010-01-08 00:00	1.43154	1.44382	1.42616	1.44083	74625";;;;
"2010-01-10 00:00	1.44265	1.44940	1.44049	1.44825	5358";;;;
"2010-01-11 00:00	1.44811	1.45539	1.44693	1.44891	80191";;;;
"2010-01-12 00:00	1.44874	1.45479	1.44507	1.44680	79343";;;;
"2010-01-13 00:00	1.44656	1.45797	1.44550	1.45314	80586";;;;
"2010-01-14 00:00	1.45275	1.45546	1.44450	1.44728	80124";;;;
"2010-01-15 00:00	1.44719	1.44777	1.43347	1.43849	74643";;;;
"2010-01-17 00:00	1.43530	1.43742	1.43332	1.43425	6327";;;;
"2010-01-18 00:00	1.43437	1.44118	1.43325	1.44002	80200";;;;
"2010-01-19 00:00	1.43989	1.44124	1.42498	1.42858	79141";;;;
"2010-01-20 00:00	1.42859	1.42867	1.40780	1.41176	80083";;;;
"2010-01-21 00:00	1.41154	1.41422	1.40247	1.41051	78872";;;;
"2010-01-22 00:00	1.41060	1.41805	1.40875	1.41361	74624";;;;
"2010-01-24 00:00	1.41557	1.41705	1.41396	1.41462	4553";;;;
"2010-01-25 00:00	1.41488	1.41939	1.41248	1.41628	79709";;;;
"2010-01-26 00:00	1.41636	1.41780	1.40397	1.40696	79234";;;;
"2010-01-27 00:00	1.40681	1.40957	1.39903	1.40036	79682";;;;
"2010-01-28 00:00	1.40026	1.40516	1.39172	1.39310	79567";;;;
"2010-01-29 00:00	1.39291	1.39861	1.38589	1.38605	72991";;;;
"2010-01-31 00:00	1.38608	1.38873	1.38518	1.38698	5583";;;;
"2010-02-01 00:00	1.38711	1.39366	1.38501	1.39240	80205";;;;
"2010-02-02 00:00	1.39239	1.39759	1.38830	1.39613	79933";;;;
"2010-02-03 00:00	1.39631	1.40247	1.38773	1.38798	80188";;;;
"2010-02-04 00:00	1.38781	1.38964	1.36919	1.37030	79924";;;;
"2010-02-05 00:00	1.37053	1.37412	1.35816	1.36763	74293";;;;
"2010-02-07 00:00	1.36553	1.36661	1.36282	1.36563	6283";;;;
"2010-02-08 00:00	1.36569	1.37128	1.36195	1.36512	79898";;;;
"2010-02-09 00:00	1.36497	1.38385	1.36456	1.37913	78942";;;;
"2010-02-10 00:00	1.37897	1.38112	1.36747	1.37672	80692";;;;
"2010-02-11 00:00	1.37664	1.37999	1.35930	1.36610	79965";;;;
"2010-02-12 00:00	1.36608	1.36873	1.35276	1.36305	74172";;;;
"2010-02-14 00:00	1.36240	1.36294	1.36032	1.36204	4587";;;;
"2010-02-15 00:00	1.36214	1.36323	1.35767	1.36048	79896";;;;
"2010-02-16 00:00	1.36053	1.37778	1.36010	1.37664	80757";;;;
"2010-02-17 00:00	1.37661	1.37892	1.35618	1.35734	80384";;;;
"2010-02-18 00:00	1.35736	1.36529	1.34431	1.34903	81197";;;;
"2010-02-19 00:00	1.34883	1.36172	1.34525	1.36082	75091";;;;
"2010-02-21 00:00	1.36330	1.36451	1.35993	1.36274	5735";;;;
"2010-02-22 00:00	1.36288	1.36534	1.35723	1.36024	80005";;;;
"2010-02-23 00:00	1.36001	1.36917	1.34950	1.35134	80446";;;;
"2010-02-24 00:00	1.35158	1.36253	1.35113	1.35124	80271";;;;
"2010-02-25 00:00	1.35123	1.35696	1.34484	1.35468	81379";;;;
"2010-02-26 00:00	1.35446	1.36825	1.35433	1.36280	74021";;;;
"2010-02-28 00:00	1.36207	1.36482	1.36134	1.36326	6323";;;;
"2010-03-01 00:00	1.36322	1.36538	1.34589	1.35333	80541";;;;
"2010-03-02 00:00	1.35327	1.36507	1.34345	1.36203	80041";;;;
"2010-03-03 00:00	1.36192	1.37356	1.35898	1.36914	80450";;;;
"2010-03-04 00:00	1.36900	1.37108	1.35504	1.35807	80182";;;;
"2010-03-05 00:00	1.35802	1.36297	1.35288	1.36222	73779";;;;
"2010-03-07 00:00	1.36316	1.36640	1.36232	1.36560	4623";;;;
"2010-03-08 00:00	1.36534	1.37038	1.36038	1.36229	79503";;;;
"2010-03-09 00:00	1.36212	1.36348	1.35337	1.35948	79293";;;;
"2010-03-10 00:00	1.35941	1.36795	1.35416	1.36298	80070";;;;
