2019-01-16 00:00,0.54,0.54,0.47,0.47,1484249
2019-01-17 00:00,0.47,0.5,0.46,0.47,1284334
2019-01-18 00:00,0.47,0.51,0.46,0.49,1000316
2019-01-19 00:00,0.49,0.5,0.47,0.48,711417
2019-01-20 00:00,0.48,0.49,0.46,0.49,717383
2019-01-21 00:00,0.49,0.52,0.47,0.5,870975
2019-01-22 00:00,0.5,0.57,0.5,0.53,1797898
2019-01-23 00:00,0.53,0.55,0.49,0.5,1809904
2019-01-24 00:00,0.5,0.52,0.45,0.51,1592711
2019-01-25 00:00,0.51,0.51,0.47,0.48,1067328
2019-01-26 00:00,0.48,0.49,0.45,0.45,1094501
2019-01-27 00:00,0.45,0.46,0.42,0.43,2027517
2019-01-28 00:00,0.43,0.44,0.35,0.44,4219414
2019-01-29 00:00,0.44,0.46,0.41,0.43,5291764
2019-01-30 00:00,0.43,0.44,0.42,0.44,1899030
2019-01-31 00:00,0.44,0.44,0.38,0.39,1948604
2019-02-01 00:00,0.38,0.43,0.38,0.43,2008902
2019-02-02 00:00,0.43,0.43,0.4,0.41,686534
2019-02-03 00:00,0.41,0.41,0.39,0.4,1078292
2019-02-04 00:00,0.4,0.41,0.39,0.39,1425665
2019-02-05 00:00,0.39,0.43,0.39,0.41,1383066
2019-02-06 00:00,0.41,0.42,0.39,0.4,1299243
2019-02-07 00:00,0.4,0.41,0.39,0.4,486903
2019-02-08 00:00,0.4,0.45,0.4,0.44,2040222
2019-02-09 00:00,0.44,0.48,0.43,0.46,1376161
2019-02-10 00:00,0.46,0.48,0.43,0.44,2121177
2019-02-11 00:00,0.44,0.45,0.42,0.42,1513207
2019-02-12 00:00,0.42,0.44,0.42,0.43,864096
2019-02-13 00:00,0.43,0.45,0.42,0.44,977304
2019-02-14 00:00,0.44,0.44,0.42,0.42,905613
2019-02-15 00:00,0.42,0.45,0.42,0.44,628527
2019-02-16 00:00,0.44,0.45,0.43,0.43,467981
2019-02-17 00:00,0.44,0.48,0.43,0.46,1604534
2019-02-18 00:00,0.46,0.48,0.45,0.47,1453615
2019-02-19 00:00,0.47,0.48,0.45,0.45,1584306
2019-02-20 00:00,0.45,0.47,0.44,0.46,1308933
2019-02-21 00:00,0.46,0.48,0.44,0.44,1424392
2019-02-22 00:00,0.44,0.47,0.44,0.45,701749
2019-02-23 00:00,0.45,0.46,0.44,0.46,945687
2019-02-24 00:00,0.46,0.46,0.4,0.41,2140240
2019-02-25 00:00,0.41,0.47,0.4,0.47,2026765
2019-02-26 00:00,0.47,0.47,0.43,0.43,1537585
2019-02-27 00:00,0.43,0.44,0.41,0.43,880026
2019-02-28 00:00,0.43,0.45,0.42,0.42,1069146
2019-03-01 00:00,0.42,0.44,0.42,0.43,517528
2019-03-02 00:00,0.43,0.44,0.42,0.42,327050
2019-03-03 00:00,0.42,0.43,0.42,0.42,248647
2019-03-04 00:00,0.42,0.43,0.39,0.4,955727
2019-03-05 00:00,0.4,0.43,0.4,0.43,1702768
2019-03-06 00:00,0.43,0.44,0.42,0.43,673370
2019-03-07 00:00,0.43,0.48,0.43,0.46,1565034
2019-03-08 00:00,0.46,0.51,0.46,0.46,3270620
2019-03-09 00:00,0.46,0.48,0.45,0.48,1353314
2019-03-10 00:00,0.48,0.55,0.47,0.5,2873054
2019-03-11 00:00,0.5,0.52,0.44,0.46,2906095
2019-03-12 00:00,0.46,0.51,0.45,0.49,1793193
2019-03-13 00:00,0.49,0.49,0.47,0.48,1387008
2019-03-14 00:00,0.48,0.5,0.47,0.49,1655033
2019-03-15 00:00,0.49,0.5,0.48,0.49,559896
2019-03-16 00:00,0.49,0.5,0.47,0.48,1754710
2019-03-17 00:00,0.48,0.49,0.47,0.48,1345441
2019-03-18 00:00,0.48,0.48,0.47,0.48,891759
2019-03-19 00:00,0.48,0.48,0.46,0.48,604387
2019-03-20 00:00,0.48,0.49,0.47,0.48,607202
2019-03-21 00:00,0.48,0.48,0.43,0.46,1035227
2019-03-22 00:00,0.46,0.47,0.45,0.46,848984
2019-03-23 00:00,0.46,0.46,0.45,0.46,432293
2019-03-24 00:00,0.46,0.46,0.45,0.45,613687
2019-03-25 00:00,0.45,0.49,0.44,0.47,2519634
2019-03-26 00:00,0.47,0.48,0.45,0.46,1067964
2019-03-27 00:00,0.46,0.5,0.46,0.49,1425432
2019-03-28 00:00,0.5,0.52,0.48,0.5,1377027
2019-03-29 00:00,0.5,0.5,0.49,0.5,880250
2019-03-30 00:00,0.5,0.5,0.49,0.49,654560
2019-03-31 00:00,0.49,0.54,0.49,0.51,2148573
2019-04-01 00:00,0.51,0.56,0.51,0.55,2403801
2019-04-02 00:00,0.55,0.6,0.53,0.58,4170564
2019-04-03 00:00,0.58,0.61,0.52,0.56,4453318
2019-04-04 00:00,0.56,0.58,0.52,0.55,1794416
2019-04-05 00:00,0.55,0.58,0.54,0.57,1032470
2019-04-06 00:00,0.57,0.59,0.56,0.57,1146606
2019-04-07 00:00,0.57,0.59,0.57,0.59,1197491
2019-04-08 00:00,0.59,0.59,0.54,0.56,1336962
2019-04-09 00:00,0.56,0.56,0.52,0.53,1344948
2019-04-10 00:00,0.53,0.55,0.51,0.51,1243689
2019-04-11 00:00,0.51,0.52,0.45,0.48,1880391
2019-04-12 00:00,0.48,0.51,0.45,0.49,1199274
2019-04-13 00:00,0.49,0.54,0.49,0.54,984388
2019-04-14 00:00,0.54,0.54,0.51,0.52,855967
2019-04-15 00:00,0.52,0.52,0.48,0.49,1623643
2019-04-16 00:00,0.49,0.52,0.49,0.5,735839
2019-04-17 00:00,0.5,0.5,0.49,0.5,600290
2019-04-18 00:00,0.5,0.52,0.5,0.52,780717
2019-04-19 00:00,0.52,0.54,0.51,0.51,842325
2019-04-20 00:00,0.51,0.53,0.51,0.51,542497
2019-04-21 00:00,0.51,0.51,0.48,0.5,744027
2019-04-22 00:00,0.5,0.52,0.48,0.5,693876
2019-04-23 00:00,0.49,0.5,0.46,0.46,877031
2019-04-24 00:00,0.47,0.49,0.44,0.49,1275307
2019-04-25 00:00,0.49,0.5,0.43,0.44,1354670
2019-04-26 00:00,0.45,0.47,0.43,0.44,800054
2019-04-27 00:00,0.44,0.47,0.44,0.45,316970
2019-04-28 00:00,0.45,0.46,0.44,0.45,430652
2019-04-29 00:00,0.45,0.45,0.42,0.43,389188
2019-04-30 00:00,0.43,0.48,0.43,0.47,622707
2019-05-01 00:00,0.47,0.49,0.46,0.47,382916
2019-05-02 00:00,0.47,0.48,0.46,0.46,232202
2019-05-03 00:00,0.46,0.52,0.46,0.51,1041968
2019-05-04 00:00,0.51,0.52,0.48,0.5,613838
2019-05-05 00:00,0.5,0.52,0.49,0.5,693726
2019-05-06 00:00,0.5,0.59,0.49,0.57,1613959
2019-05-07 00:00,0.58,0.62,0.52,0.55,2383273
2019-05-08 00:00,0.55,0.62,0.55,0.59,1119445
2019-05-09 00:00,0.59,0.7,0.59,0.66,3721774
2019-05-10 00:00,0.66,0.72,0.66,0.68,2816935
2019-05-11 00:00,0.68,0.75,0.65,0.67,3080183
2019-05-12 00:00,0.67,0.69,0.63,0.66,1664722
2019-05-13 00:00,0.66,0.69,0.63,0.64,1295372
2019-05-14 00:00,0.64,0.96,0.63,0.82,8129598
2019-05-15 00:00,0.82,0.89,0.78,0.87,3703903
2019-05-16 00:00,0.87,0.99,0.76,0.98,4936092
2019-05-17 00:00,0.98,0.98,0.81,0.87,5301729
2019-05-18 00:00,0.87,0.96,0.85,0.94,2362946
2019-05-19 00:00,0.94,1.05,0.94,0.97,4973644
2019-05-20 00:00,0.97,1.14,0.95,1.07,3059559
2019-05-21 00:00,1.07,1.25,1.06,1.22,4780648
2019-05-22 00:00,1.22,1.47,1.13,1.25,15268015
2019-05-23 00:00,1.25,1.37,1.14,1.36,6440976
2019-05-24 00:00,1.36,1.43,1.22,1.3,5000517
2019-05-25 00:00,1.3,1.31,1.1,1.13,6363948
2019-05-26 00:00,1.13,1.18,1.03,1.12,4883353
2019-05-27 00:00,1.12,1.27,1.08,1.17,7400741
2019-05-28 00:00,1.17,1.35,1.14,1.25,5476122
2019-05-29 00:00,1.25,1.26,1.14,1.16,4740477
2019-05-30 00:00,1.16,1.23,0.9,1.03,10416693
2019-05-31 00:00,1.03,1.06,0.93,1.04,7866915
2019-06-01 00:00,1.05,1.05,0.95,0.97,3438965
2019-06-02 00:00,0.97,1.06,0.93,1,3592458
2019-06-03 00:00,1,1.02,0.84,0.87,3737528
2019-06-04 00:00,0.87,0.93,0.84,0.92,4186475
2019-06-05 00:00,0.92,1.1,0.91,1.1,10111407
2019-06-06 00:00,1.1,1.27,1.06,1.08,11165769
2019-06-07 00:00,1.08,1.26,1.08,1.16,6186802
2019-06-08 00:00,1.16,1.2,1.12,1.13,2490008
2019-06-09 00:00,1.13,1.15,1.01,1.04,3579548
2019-06-10 00:00,1.05,1.21,1.04,1.18,3707216
2019-06-11 00:00,1.18,1.2,1.09,1.11,2914849
2019-06-12 00:00,1.11,1.16,1.09,1.14,2480257
2019-06-13 00:00,1.14,1.97,1.11,1.73,36707490
2019-06-14 00:00,1.72,1.84,1.49,1.61,30730876
2019-06-15 00:00,1.62,1.81,1.61,1.79,11190927
2019-06-16 00:00,1.79,1.79,1.6,1.67,7719470
2019-06-17 00:00,1.67,2.08,1.65,1.92,17428370
2019-06-18 00:00,1.92,2.02,1.76,1.81,13927393
2019-06-19 00:00,1.81,1.9,1.8,1.82,4484472
2019-06-20 00:00,1.82,1.89,1.69,1.76,5588981
2019-06-21 00:00,1.76,1.77,1.61,1.71,6850351
2019-06-22 00:00,1.7,1.95,1.68,1.81,8446978
2019-06-23 00:00,1.81,1.91,1.77,1.82,4578864
2019-06-24 00:00,1.82,1.89,1.79,1.88,2284622
2019-06-25 00:00,1.88,2.43,1.87,2.08,22963953
2019-06-26 00:00,2.08,2.5,2.02,2.38,15681646
2019-06-27 00:00,2.38,2.56,2.11,2.26,13888642
2019-06-28 00:00,2.26,3.26,2.22,3.26,17431678
2019-06-29 00:00,3.26,4.58,3.1,3.88,55899315
2019-06-30 00:00,3.88,4.22,3.23,3.61,24314822
2019-07-01 00:00,3.61,3.86,2.93,3.61,25400308
2019-07-02 00:00,3.61,3.99,3.2,3.65,26335169
2019-07-03 00:00,3.64,3.89,3.48,3.57,10892799
2019-07-04 00:00,3.57,3.65,3.2,3.57,10611112
2019-07-05 00:00,3.56,3.75,3.46,3.6,9749762
2019-07-06 00:00,3.6,3.64,3.44,3.47,4621669
2019-07-07 00:00,3.47,3.5,3.25,3.26,5588932
2019-07-08 00:00,3.26,3.57,3.25,3.32,5428450
2019-07-09 00:00,3.32,3.33,2.94,3.03,9289326
2019-07-10 00:00,3.03,3.26,2.86,3.11,9432738
2019-07-11 00:00,3.11,3.13,2.71,2.81,7350858
2019-07-12 00:00,2.81,3.33,2.6,3.13,11621266
2019-07-13 00:00,3.13,3.3,3.04,3.23,9094837
2019-07-14 00:00,3.23,3.24,2.61,2.64,8923537
2019-07-15 00:00,2.64,2.85,2.58,2.74,6606432
2019-07-16 00:00,2.74,2.77,2.15,2.22,8188352
2019-07-17 00:00,2.22,2.6,2.05,2.38,13276010
2019-07-18 00:00,2.37,2.81,2.37,2.74,13295543
2019-07-19 00:00,2.74,2.75,2.49,2.61,5573524
2019-07-20 00:00,2.61,2.73,2.58,2.65,4499097
2019-07-21 00:00,2.66,2.67,2.46,2.53,3279534
2019-07-22 00:00,2.53,2.59,2.37,2.39,3390139
2019-07-23 00:00,2.39,2.52,2.25,2.32,6020909
2019-07-24 00:00,2.32,2.51,2.29,2.46,5163757
2019-07-25 00:00,2.46,2.51,2.32,2.35,4037843
2019-07-26 00:00,2.35,2.44,2.33,2.42,1978028
2019-07-27 00:00,2.42,2.46,2.15,2.23,4064858
2019-07-28 00:00,2.23,2.27,2.1,2.22,1955329
2019-07-29 00:00,2.22,2.25,2.11,2.13,2171629
2019-07-30 00:00,2.13,2.19,1.97,2.09,4970472
2019-07-31 00:00,2.09,2.25,2.06,2.2,4589784
2019-08-01 00:00,2.2,2.23,2.11,2.16,2792015
2019-08-02 00:00,2.16,2.49,2.13,2.37,6503218
2019-08-03 00:00,2.37,2.73,2.37,2.51,11544520
2019-08-04 00:00,2.52,2.6,2.38,2.52,5946972
2019-08-05 00:00,2.52,2.65,2.46,2.49,5392873
2019-08-06 00:00,2.5,2.52,2.31,2.48,6177923
2019-08-07 00:00,2.47,2.49,2.35,2.38,3202474
2019-08-08 00:00,2.39,2.39,2.26,2.27,2920418
2019-08-09 00:00,2.27,2.29,2.15,2.17,2322878
2019-08-10 00:00,2.18,2.41,2.13,2.32,5335710
2019-08-11 00:00,2.32,2.49,2.31,2.45,3739107
2019-08-12 00:00,2.45,2.48,2.34,2.36,2490962
2019-08-13 00:00,2.36,2.5,2.31,2.45,3364810
2019-08-14 00:00,2.45,2.6,2.16,2.27,6793106
2019-08-15 00:00,2.27,2.46,2.26,2.42,2847061
2019-08-16 00:00,2.42,2.43,2.23,2.33,3435833
2019-08-17 00:00,2.33,2.42,2.31,2.4,2019479
2019-08-18 00:00,2.4,2.57,2.37,2.47,3701937
2019-08-19 00:00,2.47,2.6,2.45,2.5,4426622
2019-08-20 00:00,2.5,2.52,2.34,2.35,3281678
2019-08-21 00:00,2.35,2.35,2.15,2.21,4916374
2019-08-22 00:00,2.21,2.29,2.13,2.21,3229323
2019-08-23 00:00,2.21,2.3,2.17,2.24,4003685
2019-08-24 00:00,2.24,2.24,2.15,2.16,1536439
2019-08-25 00:00,2.16,2.18,2.03,2.12,3007008
2019-08-26 00:00,2.12,2.15,2.05,2.07,2059323
2019-08-27 00:00,2.07,2.18,2.01,2.07,3081644
2019-08-28 00:00,2.07,2.09,1.85,1.86,3372461
2019-08-29 00:00,1.86,1.89,1.73,1.78,3979893
2019-08-30 00:00,1.78,1.89,1.74,1.8,2731822
2019-08-31 00:00,1.8,1.85,1.74,1.79,1759779
2019-09-01 00:00,1.79,1.8,1.72,1.77,1329796
2019-09-02 00:00,1.77,1.89,1.73,1.83,3053982
2019-09-03 00:00,1.83,1.94,1.81,1.85,3200673
2019-09-04 00:00,1.85,1.87,1.72,1.78,3586742
2019-09-05 00:00,1.78,1.86,1.77,1.8,2731238
2019-09-06 00:00,1.8,1.86,1.68,1.73,3265560
2019-09-07 00:00,1.73,1.81,1.72,1.78,2332712
2019-09-08 00:00,1.78,1.91,1.76,1.86,3639406
2019-09-09 00:00,1.86,1.87,1.76,1.8,3487792
2019-09-10 00:00,1.8,1.83,1.77,1.82,2636901
2019-09-11 00:00,1.82,1.83,1.71,1.73,2202647
2019-09-12 00:00,1.73,1.75,1.69,1.7,2219392
2019-09-13 00:00,1.7,1.71,1.51,1.54,7040972
2019-09-14 00:00,1.54,1.64,1.53,1.56,5435829
2019-09-15 00:00,1.56,1.65,1.56,1.61,4017196
2019-09-16 00:00,1.61,1.64,1.55,1.58,3483997
2019-09-17 00:00,1.58,1.68,1.55,1.65,5509884
2019-09-18 00:00,1.65,1.85,1.65,1.76,8362682
2019-09-19 00:00,1.76,1.91,1.71,1.86,8445148
2019-09-20 00:00,1.86,1.87,1.75,1.84,3439008
2019-09-21 00:00,1.84,1.89,1.79,1.87,2799488
2019-09-22 00:00,1.87,1.87,1.77,1.79,2298060
2019-09-23 00:00,1.79,1.88,1.78,1.8,2782474
2019-09-24 00:00,1.8,2.07,1.46,1.78,16657361
2019-09-25 00:00,1.78,1.93,1.62,1.74,8671802
2019-09-26 00:00,1.74,1.76,1.53,1.62,7094515
2019-09-27 00:00,1.63,1.68,1.56,1.66,4130035
2019-09-28 00:00,1.66,1.72,1.63,1.72,2490049
2019-09-29 00:00,1.71,1.75,1.64,1.69,3236614
2019-09-30 00:00,1.69,1.77,1.64,1.76,3610634
2019-10-01 00:00,1.76,1.88,1.75,1.84,4109311
2019-10-02 00:00,1.84,2.03,1.82,1.99,5979939
2019-10-03 00:00,1.99,2.02,1.88,1.93,6774500
2019-10-04 00:00,1.93,1.99,1.89,1.96,3418540
2019-10-05 00:00,1.96,1.98,1.91,1.97,2164271
2019-10-06 00:00,1.97,2.27,1.95,2.14,10293408
2019-10-07 00:00,2.14,2.49,2.1,2.41,12625847
2019-10-08 00:00,2.41,2.65,2.27,2.59,16246035
2019-10-09 00:00,2.59,2.95,2.5,2.79,21665245
2019-10-10 00:00,2.79,2.81,2.47,2.68,15298204
2019-10-11 00:00,2.68,2.79,2.56,2.72,11317440
2019-10-12 00:00,2.71,2.75,2.55,2.61,6085012
2019-10-13 00:00,2.61,2.64,2.44,2.52,5720366
2019-10-14 00:00,2.53,2.67,2.49,2.53,5593655
2019-10-15 00:00,2.54,2.6,2.33,2.38,6455271
2019-10-16 00:00,2.38,2.4,2.18,2.34,12096723
2019-10-17 00:00,2.33,2.49,2.27,2.45,10338116
2019-10-18 00:00,2.45,2.5,2.29,2.29,7337754
2019-10-19 00:00,2.29,2.39,2.29,2.34,4171102
2019-10-20 00:00,2.34,2.5,2.28,2.49,5189725
2019-10-21 00:00,2.49,2.69,2.45,2.65,10866517
2019-10-22 00:00,2.65,2.82,2.56,2.62,11307671
2019-10-23 00:00,2.62,2.71,2.37,2.68,14801177
2019-10-24 00:00,2.68,2.77,2.6,2.69,9268609
2019-10-25 00:00,2.69,3.01,2.62,2.8,14531791
2019-10-26 00:00,2.8,3,2.66,2.68,12621136
2019-10-27 00:00,2.68,2.76,2.65,2.7,5808257
2019-10-28 00:00,2.7,2.89,2.66,2.68,7717767
2019-10-29 00:00,2.68,2.77,2.63,2.65,3626438
2019-10-30 00:00,2.65,2.66,2.51,2.63,3911102
2019-10-31 00:00,2.63,2.8,2.54,2.77,4365025
2019-11-01 00:00,2.77,2.79,2.64,2.71,3506709
2019-11-02 00:00,2.71,2.74,2.68,2.7,1899284
2019-11-03 00:00,2.7,2.71,2.62,2.64,1676618
2019-11-04 00:00,2.64,2.73,2.63,2.65,2615785
2019-11-05 00:00,2.65,2.69,2.64,2.66,1685307
2019-11-06 00:00,2.66,2.82,2.65,2.73,3274635
2019-11-07 00:00,2.73,2.74,2.6,2.69,3439910
2019-11-08 00:00,2.69,2.77,2.62,2.76,3135931
2019-11-09 00:00,2.76,2.85,2.71,2.77,4495640
2019-11-10 00:00,2.77,2.84,2.74,2.76,2555263
2019-11-11 00:00,2.76,2.77,2.67,2.75,2149300
2019-11-12 00:00,2.75,2.87,2.73,2.79,3345314
2019-11-13 00:00,2.79,3.09,2.79,3,6454176
2019-11-14 00:00,3,3.16,2.97,3.05,6809094
2019-11-15 00:00,3.05,3.06,2.8,2.99,5514071
2019-11-16 00:00,2.99,3.04,2.91,2.96,1879964
2019-11-17 00:00,2.96,2.98,2.86,2.92,1606246
2019-11-18 00:00,2.92,2.96,2.7,2.76,3551986
2019-11-19 00:00,2.76,2.8,2.58,2.72,4466518
2019-11-20 00:00,2.72,2.8,2.63,2.7,3693389
2019-11-21 00:00,2.7,2.71,2.47,2.59,4638852
2019-11-22 00:00,2.59,2.6,2.1,2.3,11013792
2019-11-23 00:00,2.3,2.46,2.26,2.37,4946047
2019-11-24 00:00,2.36,2.39,2.17,2.21,4510464
2019-11-25 00:00,2.21,2.4,2.02,2.21,8256635
2019-11-26 00:00,2.21,2.36,2.15,2.27,6986487
2019-11-27 00:00,2.27,2.29,2.1,2.22,7934580
2019-11-28 00:00,2.22,2.32,2.17,2.3,4836193
2019-11-29 00:00,2.3,2.38,2.26,2.34,4048620
2019-11-30 00:00,2.34,2.34,2.19,2.21,2918556
2019-12-01 00:00,2.21,2.22,2.13,2.16,3519651
2019-12-02 00:00,2.16,2.16,2.05,2.11,3643027
2019-12-03 00:00,2.11,2.19,2.06,2.08,4066856
2019-12-04 00:00,2.07,2.17,2,2.03,6306576
2019-12-05 00:00,2.03,2.07,1.96,2.02,5405066
2019-12-06 00:00,2.03,2.1,1.97,2.09,3860192
2019-12-07 00:00,2.09,2.11,2.03,2.03,2337536
2019-12-08 00:00,2.03,2.09,2,2.06,2048942
2019-12-09 00:00,2.05,2.2,2.02,2.18,3746827
2019-12-10 00:00,2.18,2.3,2.11,2.26,10292381
2019-12-11 00:00,2.26,2.29,2.11,2.12,4715972
2019-12-12 00:00,2.12,2.14,2.02,2.09,4427455
2019-12-13 00:00,2.09,2.12,2.06,2.07,1896862
2019-12-14 00:00,2.07,2.09,1.96,1.97,1902955
2019-12-15 00:00,1.97,2.12,1.96,2.06,2456412
2019-12-16 00:00,2.05,2.09,1.97,1.97,2585083
2019-12-17 00:00,1.97,2,1.7,1.76,7460757
2019-12-18 00:00,1.77,1.9,1.6,1.83,8763909
2019-12-19 00:00,1.83,1.84,1.75,1.8,4862518
2019-12-20 00:00,1.8,1.92,1.79,1.9,3318908
2019-12-21 00:00,1.9,1.92,1.85,1.86,2113957
2019-12-22 00:00,1.86,1.95,1.85,1.94,3224824
2019-12-23 00:00,1.94,1.95,1.85,1.86,2611786
2019-12-24 00:00,1.86,1.89,1.82,1.82,2280752
2019-12-25 00:00,1.82,1.84,1.76,1.78,1513146
2019-12-26 00:00,1.78,1.96,1.77,1.87,2714716
2019-12-27 00:00,1.87,1.93,1.84,1.89,2388195
2019-12-28 00:00,1.89,1.9,1.86,1.87,1284368
2019-12-29 00:00,1.88,1.92,1.84,1.87,1417387
2019-12-30 00:00,1.87,1.89,1.81,1.82,1107961
2019-12-31 00:00,1.82,1.83,1.75,1.76,1594250
2020-01-01 00:00,1.76,1.85,1.76,1.81,1161971
2020-01-02 00:00,1.81,1.82,1.71,1.72,1444177
2020-01-03 00:00,1.72,1.83,1.7,1.79,1875228
2020-01-04 00:00,1.79,1.84,1.78,1.83,1136337
2020-01-05 00:00,1.83,1.84,1.79,1.8,1535695
2020-01-06 00:00,1.8,1.95,1.8,1.93,3554779
2020-01-07 00:00,1.93,2.17,1.9,2.17,7075946
2020-01-08 00:00,2.17,2.35,2.12,2.14,12053680
2020-01-09 00:00,2.14,2.24,2.1,2.24,5101092
2020-01-10 00:00,2.24,2.25,2.15,2.25,4082161
2020-01-11 00:00,2.25,2.35,2.23,2.27,4248168
2020-01-12 00:00,2.27,2.32,2.18,2.19,2700694
2020-01-13 00:00,2.19,2.22,2.16,2.19,1866312
2020-01-14 00:00,2.19,2.47,2.18,2.43,7384701
2020-01-15 00:00,2.43,2.56,2.36,2.38,6172433
2020-01-16 00:00,2.38,2.52,2.29,2.47,4959164
2020-01-17 00:00,2.47,2.86,2.46,2.75,12405567
2020-01-18 00:00,2.75,2.79,2.58,2.76,4142711
2020-01-19 00:00,2.76,2.85,2.54,2.6,6740391
2020-01-20 00:00,2.6,2.74,2.54,2.72,4030955
2020-01-21 00:00,2.72,2.74,2.57,2.67,3182661
2020-01-22 00:00,2.67,2.7,2.62,2.63,1658475
2020-01-23 00:00,2.63,2.63,2.43,2.46,4782221
2020-01-24 00:00,2.46,2.53,2.36,2.46,4304935
2020-01-25 00:00,2.45,2.5,2.42,2.44,1731667
2020-01-26 00:00,2.44,2.64,2.43,2.63,2238145
2020-01-27 00:00,2.63,2.68,2.57,2.63,3242549
2020-01-28 00:00,2.63,2.67,2.59,2.65,3205473
2020-01-29 00:00,2.65,2.83,2.64,2.75,5379135
2020-01-30 00:00,2.75,2.95,2.73,2.87,5648157
2020-01-31 00:00,2.87,2.91,2.76,2.85,3766948
2020-02-01 00:00,2.85,2.88,2.74,2.79,2738916
2020-02-02 00:00,2.79,2.89,2.73,2.85,3441708
2020-02-03 00:00,2.85,2.88,2.75,2.8,3196519
2020-02-04 00:00,2.8,2.8,2.68,2.74,4387926
2020-02-05 00:00,2.74,2.88,2.73,2.81,4457177
2020-02-06 00:00,2.81,2.94,2.8,2.91,4248472
2020-02-07 00:00,2.91,3.4,2.91,3.32,15601405
2020-02-08 00:00,3.32,3.49,3.13,3.43,9284898
2020-02-09 00:00,3.43,3.5,3.23,3.48,6437966
2020-02-10 00:00,3.48,3.48,3.28,3.38,6575933
2020-02-11 00:00,3.38,4.07,3.35,3.94,13003560
2020-02-12 00:00,3.94,4.2,3.85,4.05,12426669
2020-02-13 00:00,4.05,4.11,3.71,3.85,8380021
2020-02-14 00:00,3.85,4.49,3.82,4.44,10343417
2020-02-15 00:00,4.44,4.62,4.07,4.39,16066076
2020-02-16 00:00,4.38,4.87,4.04,4.5,22000160
2020-02-17 00:00,4.5,4.5,3.84,4.2,19087043
2020-02-18 00:00,4.2,4.64,4.14,4.5,11866734
2020-02-19 00:00,4.5,4.84,4.19,4.43,10419428
2020-02-20 00:00,4.43,4.46,4.07,4.23,11134103
2020-02-21 00:00,4.23,4.51,4.19,4.33,7737255
2020-02-22 00:00,4.33,4.33,4.03,4.09,6608646
2020-02-23 00:00,4.09,4.38,4.08,4.24,5785279
2020-02-24 00:00,4.25,4.26,3.79,3.9,8603181
2020-02-25 00:00,3.9,3.92,3.48,3.51,12523373
2020-02-26 00:00,3.51,3.86,3.31,3.49,23116676
2020-02-27 00:00,3.49,4.13,3.42,4.03,18741918
2020-02-28 00:00,4.03,4.27,3.75,4.19,18247573
2020-02-29 00:00,4.19,4.35,4.04,4.1,12401605
2020-03-01 00:00,4.1,4.24,3.76,3.88,14418236
2020-03-02 00:00,3.88,4.34,3.82,4.15,12952806
2020-03-03 00:00,4.15,4.68,4.12,4.63,17388100
2020-03-04 00:00,4.63,4.98,4.57,4.78,18657593
2020-03-05 00:00,4.78,4.9,4.62,4.67,11343012
2020-03-06 00:00,4.67,4.78,4.54,4.65,7545843
2020-03-07 00:00,4.65,4.67,4.22,4.28,9218693
2020-03-08 00:00,4.28,4.46,3.85,4.16,18333852
2020-03-09 00:00,4.16,4.37,3.6,4.16,28855817
2020-03-10 00:00,4.16,4.21,3.91,4.08,17316388
2020-03-11 00:00,4.07,4.11,3.55,3.74,19982626
2020-03-12 00:00,3.74,3.74,0,1.86,77570825
2020-03-13 00:00,1.86,2.75,1.36,2.41,69104247
2020-03-14 00:00,2.41,2.51,2.06,2.17,21697364
2020-03-15 00:00,2.17,2.4,1.99,2,24953219
2020-03-16 00:00,2,2.08,1.56,1.8,46405669
2020-03-17 00:00,1.8,2.07,1.78,1.9,32932345
2020-03-18 00:00,1.9,1.99,1.76,1.94,22182434
2020-03-19 00:00,1.94,2.37,1.88,2.28,32990330
2020-03-20 00:00,2.28,2.62,2.01,2.21,39368224
2020-03-21 00:00,2.2,2.38,2.11,2.26,19337589
2020-03-22 00:00,2.26,2.33,1.93,2.01,22283025
2020-03-23 00:00,2.01,2.3,1.94,2.25,23748031
2020-03-24 00:00,2.25,2.37,2.19,2.31,17741834
2020-03-25 00:00,2.31,2.35,2.18,2.26,11019724
2020-03-26 00:00,2.26,2.36,2.19,2.34,7531538
2020-03-27 00:00,2.34,2.34,2.07,2.15,8849765
2020-03-28 00:00,2.14,2.15,2.04,2.12,9737794
2020-03-29 00:00,2.12,2.12,2,2.02,6729131
2020-03-30 00:00,2.02,2.2,2.01,2.16,8632222
2020-03-31 00:00,2.16,2.3,2.11,2.23,9120280
2020-04-01 00:00,2.23,2.3,2.14,2.27,13281626
2020-04-02 00:00,2.27,2.49,2.26,2.28,12640814
2020-04-03 00:00,2.28,2.38,2.27,2.3,8427088
2020-04-04 00:00,2.3,2.34,2.25,2.31,6177736
2020-04-05 00:00,2.31,2.32,2.24,2.29,3348853
2020-04-06 00:00,2.29,2.7,2.28,2.6,14677607
2020-04-07 00:00,2.6,2.91,2.56,2.72,28246488
2020-04-08 00:00,2.72,3.27,2.72,3.18,27853346
2020-04-09 00:00,3.18,3.47,3.12,3.3,36374402
2020-04-10 00:00,3.3,3.32,2.95,3.23,43920449
2020-04-11 00:00,3.23,3.44,3.06,3.27,30800986
2020-04-12 00:00,3.27,3.64,3.17,3.35,35828344
2020-04-13 00:00,3.35,3.46,3.27,3.37,25398603
2020-04-14 00:00,3.37,3.44,3.19,3.22,17583395
2020-04-15 00:00,3.22,3.31,2.98,3.08,17257114
2020-04-16 00:00,3.08,3.56,3.05,3.44,23266022
2020-04-17 00:00,3.44,3.53,3.38,3.48,12065188
2020-04-18 00:00,3.48,3.83,3.47,3.77,17000978
2020-04-19 00:00,3.77,3.81,3.51,3.66,16066100
2020-04-20 00:00,3.66,3.79,3.37,3.53,21017317
2020-04-21 00:00,3.53,3.57,3.39,3.46,13598427
2020-04-22 00:00,3.45,3.69,3.43,3.67,11323163
2020-04-23 00:00,3.67,3.91,3.6,3.77,14318608
2020-04-24 00:00,3.77,3.89,3.74,3.75,7952005
2020-04-25 00:00,3.75,3.91,3.74,3.8,5975757
2020-04-26 00:00,3.8,3.82,3.64,3.71,8587262
2020-04-27 00:00,3.71,3.73,3.46,3.62,11160853
2020-04-28 00:00,3.62,3.74,3.56,3.64,7235071
2020-04-29 00:00,3.64,3.99,3.63,3.94,15378101
2020-04-30 00:00,3.94,3.97,3.62,3.73,13329167
2020-05-01 00:00,3.73,3.92,3.71,3.78,8100186
2020-05-02 00:00,3.78,3.86,3.73,3.85,4568061
2020-05-03 00:00,3.85,3.86,3.64,3.67,5507093
2020-05-04 00:00,3.67,3.83,3.5,3.78,10915756
2020-05-05 00:00,3.78,3.81,3.62,3.64,4843207
2020-05-06 00:00,3.64,3.77,3.56,3.62,5411621
2020-05-07 00:00,3.63,3.85,3.58,3.85,8633310
2020-05-08 00:00,3.85,3.9,3.69,3.87,7545188
2020-05-09 00:00,3.87,4.21,3.46,3.77,19213009
2020-05-10 00:00,3.76,3.85,3.56,3.82,15487642
2020-05-11 00:00,3.82,3.83,3.29,3.58,13226910
2020-05-12 00:00,3.58,3.79,3.56,3.7,7693551
2020-05-13 00:00,3.7,3.82,3.64,3.77,5974374
2020-05-14 00:00,3.77,3.86,3.69,3.81,7298165
2020-05-15 00:00,3.8,3.83,3.61,3.67,5620509
2020-05-16 00:00,3.67,3.79,3.67,3.78,3906851
2020-05-17 00:00,3.78,3.85,3.76,3.8,3655532
2020-05-18 00:00,3.79,3.95,3.79,3.83,5938249
2020-05-19 00:00,3.83,4.05,3.77,4.03,4369500
2020-05-20 00:00,4.03,4.17,3.9,4.15,9587459
2020-05-21 00:00,4.15,4.17,3.73,3.83,10102162
2020-05-22 00:00,3.83,4.14,3.8,4.08,7126042
2020-05-23 00:00,4.08,4.09,3.91,3.95,5741657
2020-05-24 00:00,3.95,4.03,3.77,3.84,6535840
2020-05-25 00:00,3.84,3.91,3.8,3.85,4201401
2020-05-26 00:00,3.85,3.88,3.77,3.85,3782861
2020-05-27 00:00,3.85,3.91,3.81,3.86,3706493
2020-05-28 00:00,3.86,4.13,3.83,4.05,5318181
2020-05-29 00:00,4.05,4.1,3.94,3.95,4219940
2020-05-30 00:00,3.95,4.18,3.94,4.14,4736395
2020-05-31 00:00,4.14,4.28,4.04,4.21,6346632
2020-06-01 00:00,4.21,4.48,4.2,4.39,8657605
2020-06-02 00:00,4.39,4.62,4.11,4.44,8139857
2020-06-03 00:00,4.44,4.53,4.29,4.49,4132974
2020-06-04 00:00,4.49,4.51,4.29,4.45,3167913
2020-06-05 00:00,4.45,4.49,4.3,4.35,2510727
2020-06-06 00:00,4.35,4.4,4.32,4.35,1141248
2020-06-07 00:00,4.35,4.41,4.21,4.34,2200221
2020-06-08 00:00,4.34,4.51,4.33,4.45,2310754
2020-06-09 00:00,4.45,4.47,4.36,4.41,1981465
2020-06-10 00:00,4.41,4.43,4.34,4.43,2288120
2020-06-11 00:00,4.43,4.45,3.86,3.99,7194670
2020-06-12 00:00,3.99,4.19,3.98,4.06,4259059
2020-06-13 00:00,4.06,4.13,4.01,4.09,1556041
2020-06-14 00:00,4.1,4.1,3.9,3.94,1890730
2020-06-15 00:00,3.94,3.99,3.66,3.9,6802306
2020-06-16 00:00,3.9,4.09,3.9,4,3570046
2020-06-17 00:00,4,4.25,3.96,4.22,4599744
2020-06-18 00:00,4.22,4.24,4.1,4.15,3056893
2020-06-19 00:00,4.15,4.17,4.05,4.09,2368745
2020-06-20 00:00,4.08,4.21,4.07,4.18,2409981
2020-06-21 00:00,4.18,4.21,4.14,4.2,1323622
2020-06-22 00:00,4.2,4.52,4.19,4.49,5028811
2020-06-23 00:00,4.49,4.94,4.43,4.82,10734832
2020-06-24 00:00,4.82,4.94,4.5,4.67,10156237
2020-06-25 00:00,4.66,4.84,4.5,4.82,7041969
2020-06-26 00:00,4.82,4.86,4.61,4.65,5724468
2020-06-27 00:00,4.65,4.7,4.3,4.4,6049641
2020-06-28 00:00,4.4,4.62,4.36,4.58,4637861
2020-06-29 00:00,4.58,4.66,4.42,4.65,4821372
2020-06-30 00:00,4.65,4.66,4.52,4.54,3156838
2020-07-01 00:00,4.54,4.79,4.53,4.77,4224152
2020-07-02 00:00,4.77,4.92,4.6,4.8,7325264
2020-07-03 00:00,4.8,4.9,4.7,4.76,4616364
2020-07-04 00:00,4.76,4.85,4.72,4.8,2888200
2020-07-05 00:00,4.8,4.82,4.61,4.75,3616681
2020-07-06 00:00,4.75,5.5,4.75,5.37,12420944
2020-07-07 00:00,5.37,5.89,5.33,5.75,13799012
2020-07-08 00:00,5.75,6.58,5.71,6.4,17001317
2020-07-09 00:00,6.4,6.4,5.7,6.06,12615520
2020-07-10 00:00,6.06,6.25,5.71,6.22,10016525
2020-07-11 00:00,6.22,6.27,5.96,6.17,5270162
2020-07-12 00:00,6.18,7.99,6.11,7.95,21611966
2020-07-13 00:00,7.95,8.48,6.85,7.23,28657909
2020-07-14 00:00,7.23,8.34,6.97,7.87,25100304
2020-07-15 00:00,7.87,8.91,7.83,8.57,20347117
2020-07-16 00:00,8.57,8.88,7.94,8.29,20534911
2020-07-17 00:00,8.29,8.64,7.66,7.92,10578361
2020-07-18 00:00,7.91,8.22,7.75,8.03,9326101
2020-07-19 00:00,8.03,8.21,7.78,8.03,6890792
2020-07-20 00:00,8.03,8.14,7.12,7.33,11355765
2020-07-21 00:00,7.32,7.68,6.92,7.22,10734043
2020-07-22 00:00,7.22,7.67,7.08,7.64,9885646
2020-07-23 00:00,7.63,8.1,7.62,7.82,10620207
2020-07-24 00:00,7.81,7.86,7.37,7.52,7459830
2020-07-25 00:00,7.52,7.8,7.49,7.67,7483684
2020-07-26 00:00,7.66,7.95,7.19,7.37,10715493
2020-07-27 00:00,7.37,7.4,6.51,7,16792445
2020-07-28 00:00,7,7.42,6.95,7.34,8460354
2020-07-29 00:00,7.34,7.49,6.99,7.15,6800877
2020-07-30 00:00,7.15,7.58,7.1,7.51,7636672
2020-07-31 00:00,7.51,7.86,7.45,7.77,7404958
2020-08-01 00:00,7.77,8.47,7.64,8.35,9730120
2020-08-02 00:00,8.35,8.8,6.87,8.25,22430296
2020-08-03 00:00,8.25,9.42,8.21,9.34,14046225
2020-08-04 00:00,9.34,9.96,9.11,9.75,17310526
2020-08-05 00:00,9.75,9.85,9.32,9.62,9659243
2020-08-06 00:00,9.63,10.29,9.47,10.07,9464690
2020-08-07 00:00,10.08,10.15,9.05,10.05,11286553
2020-08-08 00:00,10.05,13.88,10.04,12.33,29944520
2020-08-09 00:00,12.33,14.46,12.23,13.6,27912401
2020-08-10 00:00,13.6,14.06,12.52,13.13,17287887
2020-08-11 00:00,13.14,13.4,12.09,12.82,17464128
2020-08-12 00:00,12.82,16.98,12.59,16.17,24335989
2020-08-13 00:00,16.17,18.35,15.92,17.12,29870871
2020-08-14 00:00,17.13,17.6,16.3,16.79,11683509
2020-08-15 00:00,16.79,19.83,16.56,18.97,17652948
2020-08-16 00:00,18.97,20.11,18.51,18.9,10485288
2020-08-17 00:00,18.9,19.71,15.5,17.33,15029508
2020-08-18 00:00,17.34,17.67,14.69,16.4,25670937
2020-08-19 00:00,16.4,17.26,14.87,16.5,18423473
2020-08-20 00:00,16.5,16.79,15.5,15.64,11544996
2020-08-21 00:00,15.64,15.73,12.89,14.11,26522125
2020-08-22 00:00,14.11,16.33,13.78,15.51,16441280
2020-08-23 00:00,15.51,15.7,14.65,14.93,10045298
2020-08-24 00:00,14.92,15.88,14.7,14.99,8455177
2020-08-25 00:00,14.99,15.37,13.46,14.32,12912457
2020-08-26 00:00,14.32,15.67,14.05,15.29,11642059
2020-08-27 00:00,15.29,15.45,13.97,14.44,11414528
2020-08-28 00:00,14.44,15.5,14.38,15.1,7134827
2020-08-29 00:00,15.1,17.03,14.96,16.75,12703698
2020-08-30 00:00,16.74,17.78,16.41,16.76,12262660
2020-08-31 00:00,16.76,16.95,15.06,15.6,10498218
2020-09-01 00:00,15.6,16.51,15.58,16.11,8066626
2020-09-02 00:00,16.11,16.27,14,14.91,10374208
2020-09-03 00:00,14.91,14.93,10.83,11.88,18415978
2020-09-04 00:00,11.88,12.9,11,12.6,17714941
2020-09-05 00:00,12.59,12.75,9.1,10.77,25775609
2020-09-06 00:00,10.76,13.24,9.72,12.93,21985010
2020-09-07 00:00,12.95,12.95,11.17,12.54,21300184
2020-09-08 00:00,12.54,12.7,11.03,11.84,14565511
2020-09-09 00:00,11.85,12.66,11.44,12.47,10608770
2020-09-10 00:00,12.46,13.28,12.18,12.5,14965339
2020-09-11 00:00,12.5,12.7,12.02,12.29,7510862
2020-09-12 00:00,12.29,12.95,12.09,12.8,6457250
2020-09-13 00:00,12.8,13.23,11.71,11.77,11034562
2020-09-14 00:00,11.77,12.39,11.63,12.1,8721502
2020-09-15 00:00,12.1,12.22,10.48,10.61,11857019
2020-09-16 00:00,10.6,11.3,10.54,11.09,10491831
2020-09-17 00:00,11.09,11.68,10.47,10.94,9574617
2020-09-18 00:00,10.94,11.07,9.79,9.99,8944315
2020-09-19 00:00,9.99,10.5,9.88,10.18,5550243
2020-09-20 00:00,10.18,10.62,9.5,9.76,7629538
2020-09-21 00:00,9.76,9.92,8.5,8.85,15901022
2020-09-22 00:00,8.85,9.08,8.54,8.71,8050346
2020-09-23 00:00,8.71,8.8,7.29,7.81,19183241
2020-09-24 00:00,7.82,10.53,7.77,9.77,26934080
2020-09-25 00:00,9.78,11.2,9.38,10.61,19554152
2020-09-26 00:00,10.61,11.1,9.98,10.48,11979029
2020-09-27 00:00,10.48,11.07,9.91,10.93,10377738
2020-09-28 00:00,10.93,10.96,10.1,10.3,8525284
2020-09-29 00:00,10.31,10.39,9.45,10.04,13268111
2020-09-30 00:00,10.04,10.07,9.58,9.92,6563804
2020-10-01 00:00,9.92,10.41,9.25,9.53,9640010
2020-10-02 00:00,9.53,9.84,8.8,9.17,11136129
2020-10-03 00:00,9.18,9.56,9.12,9.27,4698920
2020-10-04 00:00,9.27,9.6,9.11,9.54,5017832
2020-10-05 00:00,9.53,9.72,9.26,9.56,5974098
2020-10-06 00:00,9.56,9.59,8.56,8.63,7613354
2020-10-07 00:00,8.63,9.01,8.38,8.86,7280739
2020-10-08 00:00,8.86,9.69,8.4,9.47,11193736
2020-10-09 00:00,9.46,10.66,9.37,10.6,11458539
2020-10-10 00:00,10.6,10.92,10.23,10.34,9391669
2020-10-11 00:00,10.33,11.03,10.15,10.73,7886187
2020-10-12 00:00,10.74,11.8,10.69,11.43,12071181
2020-10-13 00:00,11.42,11.58,10.52,11.18,9670870
2020-10-14 00:00,11.19,11.35,10.62,10.8,7525164
2020-10-15 00:00,10.8,10.93,10.46,10.73,7009150
2020-10-16 00:00,10.73,10.89,10.27,10.49,6774790
2020-10-17 00:00,10.49,10.71,10.42,10.65,3149974
2020-10-18 00:00,10.65,11,10.62,10.81,3818554
2020-10-19 00:00,10.8,11.22,10.65,10.86,4339338
2020-10-20 00:00,10.86,10.93,9.77,10.03,7272946
2020-10-21 00:00,10.02,11.14,9.95,10.96,8252767
2020-10-22 00:00,10.96,12.42,10.71,11.84,10449718
2020-10-23 00:00,11.84,12.26,11.58,12.03,8562650
2020-10-24 00:00,12.03,12.95,12,12.68,7615822
2020-10-25 00:00,12.68,12.86,11.91,12.18,7057174
2020-10-26 00:00,12.18,12.45,11.26,11.95,8852740
2020-10-27 00:00,11.95,12.48,11.49,12.09,7696816
2020-10-28 00:00,12.09,12.16,11.15,11.48,7934090
2020-10-29 00:00,11.47,11.81,11.08,11.42,8590607
2020-10-30 00:00,11.42,11.47,10.72,11.13,7824844
2020-10-31 00:00,11.13,11.4,10.91,11.23,5178487
2020-11-01 00:00,11.24,11.65,11.02,11.62,3872105
2020-11-02 00:00,11.63,11.69,10.51,10.61,7259104
2020-11-03 00:00,10.61,10.7,9.95,10.22,9500125
2020-11-04 00:00,10.22,10.68,9.75,10.44,8471018
2020-11-05 00:00,10.44,11.44,10.08,11.34,11178042
2020-11-06 00:00,11.34,12.49,11.1,12.29,10908077
2020-11-07 00:00,12.29,13.6,11.31,11.91,25128928
2020-11-08 00:00,11.91,13.1,11.73,12.75,12627265
2020-11-09 00:00,12.75,13,12.04,12.55,12521013
2020-11-10 00:00,12.55,13.38,12.49,13.3,12709944
2020-11-11 00:00,13.3,13.43,12.36,12.62,9760428
2020-11-12 00:00,12.62,13.1,12.27,12.5,8163688
2020-11-13 00:00,12.5,13,12.41,12.8,7866657
2020-11-14 00:00,12.8,12.8,12.3,12.62,4871625
2020-11-15 00:00,12.62,12.65,11.82,12.15,5781990
2020-11-16 00:00,12.15,13,12.02,12.9,6602594
2020-11-17 00:00,12.9,14.12,12.54,13.9,12759025
2020-11-18 00:00,13.9,14.27,12.59,13.34,16551675
2020-11-19 00:00,13.34,14,13.01,13.52,9653664
2020-11-20 00:00,13.52,14.48,13.47,14.23,11281947
2020-11-21 00:00,14.23,15.72,13.69,15.1,14690819
2020-11-22 00:00,15.1,15.25,13.84,14.35,13743133
2020-11-23 00:00,14.35,15.93,14.25,15.86,12949946
2020-11-24 00:00,15.87,16.39,14.94,15.49,14838657
2020-11-25 00:00,15.49,15.86,13.79,14.38,9858223
2020-11-26 00:00,14.38,14.47,11.29,12.77,24586809
2020-11-27 00:00,12.77,12.95,11.95,12.62,8722071
2020-11-28 00:00,12.62,13.43,12.35,13.05,7458820
2020-11-29 00:00,13.05,14.18,12.84,14.17,7301752
2020-11-30 00:00,14.17,14.44,13.58,14.12,9613487
2020-12-01 00:00,14.12,14.83,13.05,13.53,11134457
2020-12-02 00:00,13.53,14.15,13.12,13.94,5929923
2020-12-03 00:00,13.95,14.22,13.64,14,4208176
2020-12-04 00:00,14.01,14.02,12.51,12.91,6051611
2020-12-05 00:00,12.92,13.37,12.76,13.37,3367732
2020-12-06 00:00,13.37,13.55,12.77,13.37,3727417
2020-12-07 00:00,13.37,13.39,12.87,13.1,3226244
2020-12-08 00:00,13.1,13.19,11.83,11.84,5573407
2020-12-09 00:00,11.84,12.83,11.57,12.52,6401386
2020-12-10 00:00,12.52,12.58,11.56,11.63,3976350
2020-12-11 00:00,11.63,12.13,11.43,12.1,5049461
2020-12-12 00:00,12.11,12.43,11.86,12.16,4052139
2020-12-13 00:00,12.16,13.27,12.02,12.78,6073658
2020-12-14 00:00,12.78,12.98,12.32,12.86,4365555
2020-12-15 00:00,12.86,13.02,12.34,12.41,3503856
2020-12-16 00:00,12.41,13.81,12.31,13.58,6821504
2020-12-17 00:00,13.59,14.5,13.06,13.35,11380819
2020-12-18 00:00,13.35,14.02,13.2,13.43,5295125
2020-12-19 00:00,13.43,13.97,13.3,13.4,4942410
2020-12-20 00:00,13.4,13.8,12.68,13.15,5199515
2020-12-21 00:00,13.15,13.27,12.14,12.18,5448063
2020-12-22 00:00,12.18,12.86,11.81,12.78,6273415
2020-12-23 00:00,12.78,12.81,8.05,10.72,16611581
2020-12-24 00:00,10.73,11.7,9.86,11.47,13500037
2020-12-25 00:00,11.47,11.92,11.06,11.62,7190360
2020-12-26 00:00,11.61,11.82,10.62,10.91,9251712
2020-12-27 00:00,10.91,13.24,10.48,12.26,19482086
2020-12-28 00:00,12.27,13.04,12.02,12.5,11300745
2020-12-29 00:00,12.5,12.52,10.82,11.91,12635851
2020-12-30 00:00,11.92,11.92,11.07,11.11,7427321
2020-12-31 00:00,11.11,11.75,10.9,11.28,6562756
2021-01-01 00:00,11.28,12.46,11.23,11.6,8505670
2021-01-02 00:00,11.59,12.46,11.43,12.19,9670715
2021-01-03 00:00,12.19,14.33,11.84,14.33,16654241
2021-01-04 00:00,14.33,15.64,12.37,13.93,23387435
2021-01-05 00:00,13.93,14.89,13.09,14.43,14067992
2021-01-06 00:00,14.43,17.39,14.14,16.92,21610477
2021-01-07 00:00,16.93,17.41,15.07,15.42,16778975
2021-01-08 00:00,15.42,16.19,14.12,15.21,14878747
2021-01-09 00:00,15.21,18.43,15,18.26,13328551
2021-01-10 00:00,18.27,18.44,15.44,15.97,16220722
2021-01-11 00:00,15.96,16.14,12.5,14.36,21880462
2021-01-12 00:00,14.36,15.48,13.37,13.4,11878041
2021-01-13 00:00,13.4,16.37,13.39,16.01,11365366
2021-01-14 00:00,16.01,18.8,15.33,18.12,14941924
2021-01-15 00:00,18.13,22.45,17.54,22.05,39982941
2021-01-16 00:00,22.05,22.96,19.37,20.5,25975344
2021-01-17 00:00,20.5,23.77,19.64,23.28,21083291
2021-01-18 00:00,23.29,23.69,21.06,21.71,13433171
2021-01-19 00:00,21.71,22.86,20.38,21.1,10892634
2021-01-20 00:00,21.1,22.03,19.06,21.75,12576329
2021-01-21 00:00,21.75,21.82,17.13,17.92,16412183
2021-01-22 00:00,17.94,22.5,17.48,21.79,15780805
2021-01-23 00:00,21.8,25.5,21.7,24.7,18755549
2021-01-24 00:00,24.69,25.78,23.16,24.82,13042503
2021-01-25 00:00,24.82,25.48,22.6,23.76,11464148
2021-01-26 00:00,23.75,23.82,21.65,22.77,8854232
2021-01-27 00:00,22.77,22.78,20.28,21.28,10916392
2021-01-28 00:00,21.28,24.47,21.22,23.32,11299004
2021-01-29 00:00,23.34,24.24,22.05,22.52,11406458
2021-01-30 00:00,22.52,24.68,22.15,23.92,8218905
2021-01-31 00:00,23.93,24.2,21.73,21.99,7204538
2021-02-01 00:00,21.99,23.26,21.65,22.97,6173516
2021-02-02 00:00,22.97,24.17,22.74,23.63,6420934
2021-02-03 00:00,23.63,26.15,23.53,25.42,8977753
2021-02-04 00:00,25.41,25.62,22.62,25.02,8103923
2021-02-05 00:00,25.03,27,24.89,26.47,10090089
2021-02-06 00:00,26.46,26.67,24.21,25.15,6846258
2021-02-07 00:00,25.15,25.17,22.81,24.47,6488016
2021-02-08 00:00,24.46,25.98,23.96,25.32,7149814
2021-02-09 00:00,25.31,28.2,25,27.38,9918192
2021-02-10 00:00,27.37,28.64,25.12,26.59,11420670
2021-02-11 00:00,26.58,28.57,26.22,27.48,6518179
2021-02-12 00:00,27.48,31.45,26.67,31.36,9864670
2021-02-13 00:00,31.36,34.76,29.07,34.17,11294982
2021-02-14 00:00,34.16,35.69,32.31,33.51,8993962
2021-02-15 00:00,33.51,34.93,27.5,32.11,11286891
2021-02-16 00:00,32.13,33.43,30.78,31.25,6597363
2021-02-17 00:00,31.25,32.92,30,32.86,5764460
2021-02-18 00:00,32.85,33.6,31.78,32.45,5483394
2021-02-19 00:00,32.44,35.51,31.38,34.15,8619561
2021-02-20 00:00,34.15,36.93,32,34.08,10019251
2021-02-21 00:00,34.08,35.29,32.98,32.99,5025536
2021-02-22 00:00,32.98,33.48,25.23,30.62,13360269
2021-02-23 00:00,30.62,31.05,20.81,25.71,24826984
2021-02-24 00:00,25.71,29.34,25.6,28.38,10998617
2021-02-25 00:00,28.38,28.68,23.95,24.77,8678631
2021-02-26 00:00,24.77,26.99,23.66,25.94,8342674
2021-02-27 00:00,25.94,27.45,24.85,26.42,7541110
2021-02-28 00:00,26.41,26.76,22.86,25.22,7945020
2021-03-01 00:00,25.22,28.42,24.75,27.71,12649735
2021-03-02 00:00,27.69,30.53,27.18,28.38,9391721
2021-03-03 00:00,28.4,31.43,28.35,30.16,6911118
2021-03-04 00:00,30.16,30.57,26.08,26.42,7213393
2021-03-05 00:00,26.41,28.31,25.65,27.92,5214959
2021-03-06 00:00,27.92,28.57,26.29,28.32,3817206
2021-03-07 00:00,28.32,29.13,27.39,28.85,4787872
2021-03-08 00:00,28.86,31.96,28.27,31.39,7171175
2021-03-09 00:00,31.4,32,30.36,31.57,5142842
2021-03-10 00:00,31.56,31.69,29.18,29.18,4964574
2021-03-11 00:00,29.18,30.53,28.55,29.8,5038146
2021-03-12 00:00,29.82,30.19,27.22,27.33,5330084
2021-03-13 00:00,27.32,30.57,26.93,29.74,5073412
2021-03-14 00:00,29.73,29.8,28.22,28.84,3260784
2021-03-15 00:00,28.83,29.42,26.75,26.77,5292259
2021-03-16 00:00,26.77,28.19,26.4,27.66,3616437
2021-03-17 00:00,27.66,31.36,27.3,30.51,8467673
2021-03-18 00:00,30.5,30.75,28.68,29.1,4955117
2021-03-19 00:00,29.1,30.55,29.01,30.12,3370567
2021-03-20 00:00,30.12,31.43,29.35,29.68,3381771
2021-03-21 00:00,29.67,29.94,28.58,28.84,2569203
2021-03-22 00:00,28.83,29.44,27.03,27.67,3636927
2021-03-23 00:00,27.67,27.94,26.27,26.42,3749800
2021-03-24 00:00,26.42,27.88,23.61,25.07,5238618
2021-03-25 00:00,25.06,26.64,24.37,25.95,4905499
2021-03-26 00:00,25.96,27.5,25.36,27.02,4290287
2021-03-27 00:00,27.02,27.22,26,27,1901774
2021-03-28 00:00,27.01,27.66,26.09,26.55,2199775
2021-03-29 00:00,26.55,28.62,26.39,28.25,3686096
2021-03-30 00:00,28.24,28.57,27.45,27.99,2500414
2021-03-31 00:00,27.99,29.95,26.18,29.73,4790628
2021-04-01 00:00,29.73,31.13,29.31,29.61,5181917
2021-04-02 00:00,29.61,32.81,29.59,32.46,4619965
2021-04-03 00:00,32.46,33.17,28.68,29.4,5363648
2021-04-04 00:00,29.4,31.46,29.14,30.28,2813484
2021-04-05 00:00,30.28,32.67,29.62,32.22,5297106
2021-04-06 00:00,32.23,35.04,31.31,34.16,9128037
2021-04-07 00:00,34.14,35.12,30.23,31.61,6994625
2021-04-08 00:00,31.61,33.29,31.14,33.08,3568302
2021-04-09 00:00,33.08,33.22,31.23,31.54,3057986
2021-04-10 00:00,31.54,33,31,31.91,3610856
2021-04-11 00:00,31.9,34.44,31.77,33.45,4929729
2021-04-12 00:00,33.45,33.93,31.86,33.12,4080765
2021-04-13 00:00,33.11,36.42,32.38,36.42,6398307
2021-04-14 00:00,36.4,42.23,35,40.2,14369371
2021-04-15 00:00,40.2,44.33,39.66,42.58,12106459
2021-04-16 00:00,42.6,43.03,38.53,42.26,9838172
2021-04-17 00:00,42.26,44.11,38.63,38.87,6831681
2021-04-18 00:00,38.84,40.9,28.8,40.85,16564932
2021-04-19 00:00,40.85,41.99,33.19,34.2,13460911
2021-04-20 00:00,34.19,39.49,33.98,37.82,11354385
2021-04-21 00:00,37.82,39.2,35.61,36.87,8114902
2021-04-22 00:00,36.87,40.82,33.79,35.24,14243580
2021-04-23 00:00,35.24,35.62,30.02,33.36,15114445
2021-04-24 00:00,33.37,34.35,30.91,31.21,6475363
2021-04-25 00:00,31.22,33.43,29.8,33.06,4727658
2021-04-26 00:00,33.06,35.35,32.96,34.68,6394484
2021-04-27 00:00,34.69,37.67,34.63,37.18,5478872
2021-04-28 00:00,37.18,37.81,34.9,35.68,5197171
2021-04-29 00:00,35.68,37.45,35,35.97,5134912
2021-04-30 00:00,35.97,38.79,35.83,38.11,5371153
2021-05-01 00:00,38.1,41.43,37.43,40.53,5212299
2021-05-02 00:00,40.52,41.46,38.69,39.95,5130239
2021-05-03 00:00,39.95,42.73,38.63,39.48,6565468
2021-05-04 00:00,39.48,49.45,38.81,48.63,20974440
2021-05-05 00:00,48.63,51.2,46.86,47.8,15541103
2021-05-06 00:00,47.79,49.82,45.34,47.58,9780847
2021-05-07 00:00,47.54,51.97,45.67,49.29,10365636
2021-05-08 00:00,49.28,50.27,46.5,47.97,5670874
2021-05-09 00:00,48,53,45.83,51.47,9316287
2021-05-10 00:00,51.46,52.48,40.7,45.61,11292931
2021-05-11 00:00,45.6,49.41,44.58,49.12,7141152
2021-05-12 00:00,49.13,49.84,39.23,43.05,9575329
2021-05-13 00:00,43.03,44.96,40.07,44.07,9691168
2021-05-14 00:00,44.06,47.88,43.16,46.1,6322370
2021-05-15 00:00,46.11,47.8,40.98,42.03,9924139
2021-05-16 00:00,42.04,44.9,37.94,39.29,9789943
2021-05-17 00:00,39.29,39.97,35.07,38.16,10830885
2021-05-18 00:00,38.16,44.69,37.91,42.28,11254460
2021-05-19 00:00,42.27,42.29,21,24.02,32163272
2021-05-20 00:00,24.01,33.05,22.7,31.75,18427184
2021-05-21 00:00,31.75,31.95,22.02,25.63,16431116
2021-05-22 00:00,25.63,26.2,22.23,24.17,13202186
2021-05-23 00:00,24.17,24.37,15,20.41,29214397
2021-05-24 00:00,20.4,27.43,19.68,26.9,18775476
2021-05-25 00:00,26.9,27.98,23.67,27.59,13395912
2021-05-26 00:00,27.6,34.38,27.59,32.5,15700414
2021-05-27 00:00,32.49,35.33,30.03,31.05,14639690
2021-05-28 00:00,31.05,32.16,26.82,29.15,18334605
2021-05-29 00:00,29.18,29.73,23.7,24.3,12115878
2021-05-30 00:00,24.3,29.17,23.84,26.55,11302698
2021-05-31 00:00,26.55,32.65,25.56,31.96,11625725
2021-06-01 00:00,31.96,31.97,29.04,30.12,8225834
2021-06-02 00:00,30.12,32.22,29.67,30.62,6591271
2021-06-03 00:00,30.6,32.86,30,31.41,7301924
2021-06-04 00:00,31.41,31.42,27.17,29.69,11832065
2021-06-05 00:00,29.69,30.19,26.04,26.97,7869453
2021-06-06 00:00,26.96,28.19,26.83,27.88,4184650
2021-06-07 00:00,27.87,28.69,24.12,24.68,7992082
2021-06-08 00:00,24.68,25,21.33,23.43,12334982
2021-06-09 00:00,23.43,25.78,22.44,25,10709102
2021-06-10 00:00,25.01,25.49,22.53,22.58,8730422
2021-06-11 00:00,22.58,23.35,20.98,21.15,7493286
2021-06-12 00:00,21.15,22.29,20,21.8,8714963
2021-06-13 00:00,21.8,23.89,20.4,23.24,8576540
2021-06-14 00:00,23.25,25.67,22.84,25.36,8825941
2021-06-15 00:00,25.36,26.46,23.96,24,7522199
2021-06-16 00:00,24.01,24.64,22.92,23.56,7291506
2021-06-17 00:00,23.56,24.45,22.81,22.97,5170710
2021-06-18 00:00,22.97,23.11,20.53,21.36,7048777
2021-06-19 00:00,21.37,21.95,20,20.37,5171114
2021-06-20 00:00,20.37,22.07,19.08,21.64,6679155
2021-06-21 00:00,21.64,21.74,16.72,17.41,17197386
2021-06-22 00:00,17.41,18.8,15,17.47,19997954
2021-06-23 00:00,17.48,19.2,17.37,18.01,9993645
2021-06-24 00:00,18.02,19.52,17.35,18.91,6963189
2021-06-25 00:00,18.91,19.5,16.68,17.25,10374444
2021-06-26 00:00,17.24,17.5,15.92,17.05,8077367
2021-06-27 00:00,17.05,18.52,16.59,18.29,6674555
2021-06-28 00:00,18.29,19.43,17.9,19.28,7653225
2021-06-29 00:00,19.28,20.55,18.88,19.56,7938453
2021-06-30 00:00,19.56,19.62,18.15,19.15,7282480
2021-07-01 00:00,19.15,19.34,17.6,18.5,6032954
2021-07-02 00:00,18.5,18.52,17.26,18.03,5405877
2021-07-03 00:00,18.04,18.89,17.86,18.23,3476048
2021-07-04 00:00,18.23,19.93,18,19.01,4827347
2021-07-05 00:00,19.01,19.19,17.77,18.71,5264403
2021-07-06 00:00,18.71,20.27,18.48,19.89,8404257
2021-07-07 00:00,19.89,21.27,19.18,19.26,7625413
2021-07-08 00:00,19.26,19.56,17.68,17.73,7813052
2021-07-09 00:00,17.73,18.99,17.62,18.88,4991428
2021-07-10 00:00,18.88,18.89,17.73,18.32,3990446
2021-07-11 00:00,18.32,18.58,17.86,18.27,2720852
2021-07-12 00:00,18.27,18.61,17,17.61,3829320
2021-07-13 00:00,17.6,17.77,16.37,16.38,3778494
2021-07-14 00:00,16.38,17.42,16.01,16.96,5347916
2021-07-15 00:00,16.96,17.24,15.52,15.72,6301503
2021-07-16 00:00,15.72,16.33,15.13,15.64,5370038
2021-07-17 00:00,15.64,15.9,15.02,15.82,5068269
2021-07-18 00:00,15.82,16.08,15.16,15.29,3834948
2021-07-19 00:00,15.28,15.64,14.4,14.49,5939302
2021-07-20 00:00,14.49,14.52,13.38,13.52,7704490
2021-07-21 00:00,13.52,15.8,13.46,15.17,8531913
2021-07-22 00:00,15.16,16.19,14.96,16.14,5756635
2021-07-23 00:00,16.14,16.83,15.23,16.62,5458920
2021-07-24 00:00,16.62,17.13,16.2,16.31,5313541
2021-07-25 00:00,16.31,17.83,16.16,17.74,5424132
2021-07-26 00:00,17.74,19.96,17.72,18.25,13858918
2021-07-27 00:00,18.25,19.58,17.6,19.11,8058187
2021-07-28 00:00,19.1,19.99,18.61,18.79,7343094
2021-07-29 00:00,18.79,19.61,18.61,19.43,4198723
2021-07-30 00:00,19.43,22.67,18.82,22.19,13136780
2021-07-31 00:00,22.19,23.5,21.27,23.49,7768095
2021-08-01 00:00,23.49,23.94,21.4,21.52,8594760
2021-08-02 00:00,21.51,24.43,21.41,24.14,7593999
2021-08-03 00:00,24.14,24.25,22.04,24.01,8933398
2021-08-04 00:00,24.02,25,22.87,23.86,8138310
2021-08-05 00:00,23.86,24.24,22.47,23.66,7256378
2021-08-06 00:00,23.66,24.39,23,24.03,7374174
2021-08-07 00:00,24.02,25.16,23.69,24.59,6299540
2021-08-08 00:00,24.59,24.95,22.38,22.39,5179278
2021-08-09 00:00,22.39,24.69,22.07,23.98,5926076
2021-08-10 00:00,23.98,25.52,23.74,24.94,6555454
2021-08-11 00:00,24.94,27.31,24.62,26.32,7846765
2021-08-12 00:00,26.31,26.9,24.09,25.07,6402629
2021-08-13 00:00,25.08,27.77,25.06,27.36,5091106
2021-08-14 00:00,27.37,27.96,26.37,27.17,5614133
2021-08-15 00:00,27.16,28.27,25.9,28.13,4809205
2021-08-16 00:00,28.13,30.51,27,27.43,9426633
2021-08-17 00:00,27.42,30.3,25.35,25.93,9939384
2021-08-18 00:00,25.92,26.92,24.85,25.73,8250340
2021-08-19 00:00,25.72,27.43,24.48,27.18,7997625
2021-08-20 00:00,27.18,29.05,26.65,28.12,6554950
2021-08-21 00:00,28.12,29.16,27.65,28.35,5137227
2021-08-22 00:00,28.35,28.66,26.79,28,4213426
2021-08-23 00:00,28,29.3,27.92,28.32,6312572
2021-08-24 00:00,28.31,28.92,25.68,26.14,6393612
2021-08-25 00:00,26.14,26.93,25.28,26.93,5683981
2021-08-26 00:00,26.93,26.94,23.88,24.64,5926116
2021-08-27 00:00,24.63,26.2,24,26.05,5002502
2021-08-28 00:00,26.05,26.22,25.36,26.2,2964634
2021-08-29 00:00,26.2,26.57,25.14,25.37,3281921
2021-08-30 00:00,25.36,26.49,24.3,25,4665889
2021-08-31 00:00,24.99,27.54,24.87,26.35,7608173
2021-09-01 00:00,26.35,29.81,26.09,29.33,8258099
2021-09-02 00:00,29.33,30.88,28.75,29.46,7159758
2021-09-03 00:00,29.46,31.75,29.05,30.8,6669824
2021-09-04 00:00,30.79,31.17,29.39,30.08,4232060
2021-09-05 00:00,30.09,33.62,29.54,33.49,6057896
2021-09-06 00:00,33.49,36.33,32.44,34.14,10457280
2021-09-07 00:00,34.14,35.34,23.79,28.77,22953455
2021-09-08 00:00,28.77,29.19,25.18,27.47,13461368
2021-09-09 00:00,27.47,30.18,26.46,28.84,10469459
2021-09-10 00:00,28.84,29.56,25.62,26.71,9603157
2021-09-11 00:00,26.72,27.71,26.25,26.71,4984763
2021-09-12 00:00,26.71,29.95,26.36,29.27,7170465
2021-09-13 00:00,29.28,29.38,25.17,27.23,13511946
2021-09-14 00:00,27.23,30.98,26.73,30.19,10547129
2021-09-15 00:00,30.18,31.46,29.57,30.36,9333666
2021-09-16 00:00,30.35,32.11,29.04,29.42,9630682
2021-09-17 00:00,29.41,30.12,27.38,27.84,7138781
2021-09-18 00:00,27.83,29.46,27.7,27.96,4438276
2021-09-19 00:00,27.95,28.8,26.47,26.67,4116619
2021-09-20 00:00,26.67,27.01,22.15,22.47,13072786
2021-09-21 00:00,22.47,24.39,20.82,21.48,10670531
2021-09-22 00:00,21.47,24.68,21.26,24.07,7529649
2021-09-23 00:00,24.06,25.5,23.39,25.11,6696344
2021-09-24 00:00,25.1,25.19,21.35,23.53,10514529
2021-09-25 00:00,23.52,24.7,22.03,24.08,7205960
2021-09-26 00:00,24.08,25.38,22.36,24.91,11806174
2021-09-27 00:00,24.92,25.47,22.9,23.13,5694782
2021-09-28 00:00,23.13,23.75,22,22.46,6297134
2021-09-29 00:00,22.47,23.93,22.18,23.52,5296205
2021-09-30 00:00,23.52,24.4,23.36,23.97,5568921
2021-10-01 00:00,23.97,26.7,23.59,26.32,7417160
2021-10-02 00:00,26.31,27.81,25.82,26.71,5300851
2021-10-03 00:00,26.7,28.16,26.59,26.97,4436827
2021-10-04 00:00,26.96,27.2,25.59,26.89,5536033
2021-10-05 00:00,26.89,27.49,26.19,27.09,5064820
2021-10-06 00:00,27.1,28.19,25.2,26.37,7109913
2021-10-07 00:00,26.36,27.71,25.9,26.9,5890839
2021-10-08 00:00,26.9,27.46,26.05,26.51,5103719
2021-10-09 00:00,26.51,27.89,26.11,26.99,4631429
2021-10-10 00:00,26.98,27.44,25.25,25.99,4069616
2021-10-11 00:00,25.98,26.76,24.63,24.95,4177324
2021-10-12 00:00,24.95,25.08,23.53,25.08,5356382
2021-10-13 00:00,25.08,25.78,24.16,25.49,6240124
2021-10-14 00:00,25.49,27.88,25.38,26.28,7847924
2021-10-15 00:00,26.28,27.39,26.01,27.17,7481425
2021-10-16 00:00,27.16,28.7,26.86,27.26,6481202
2021-10-17 00:00,27.27,27.63,25.58,26.7,4325507
2021-10-18 00:00,26.71,26.72,25.26,25.6,4329648
2021-10-19 00:00,25.59,26.3,25.36,25.97,3722898
2021-10-20 00:00,25.97,27.82,25.86,27.65,4458328
2021-10-21 00:00,27.64,29.5,27.19,29.48,10137674
2021-10-22 00:00,29.49,30.04,28.02,28.72,7210083
2021-10-23 00:00,28.71,31.53,28.47,30.85,8442970
2021-10-24 00:00,30.84,31.01,28.72,29.98,5482020
2021-10-25 00:00,30,32.9,29.9,32.19,7517668
2021-10-26 00:00,32.18,33.82,31.31,32.63,6497666
2021-10-27 00:00,32.62,33.91,27.91,28.69,12058964
2021-10-28 00:00,28.69,30.85,28.61,30.62,7198708
2021-10-29 00:00,30.61,31.96,30.54,30.79,5325535
2021-10-30 00:00,30.79,30.95,29.16,30.16,3844760
2021-10-31 00:00,30.16,30.68,28.65,30.32,4263997
2021-11-01 00:00,30.32,31.87,29.14,31.21,5031728
2021-11-02 00:00,31.22,32.48,31,32.32,4560649
2021-11-03 00:00,32.31,32.78,30.54,31.75,4913222
2021-11-04 00:00,31.75,31.9,30.2,30.7,3753002
2021-11-05 00:00,30.7,33.71,30.7,33.12,6780154
2021-11-06 00:00,33.12,33.2,30.72,31.91,4404618
2021-11-07 00:00,31.91,32.8,31.82,32.76,3137824
2021-11-08 00:00,32.76,34.82,32.61,34.57,6040177
2021-11-09 00:00,34.56,35.62,33.38,33.76,5429950
2021-11-10 00:00,33.75,38.31,31.9,34.3,14057516
2021-11-11 00:00,34.3,36.95,33.66,35.24,7254740
2021-11-12 00:00,35.23,35.46,32.67,34.5,5830790
2021-11-13 00:00,34.5,34.54,33.19,34.13,3379260
2021-11-14 00:00,34.14,34.49,32.53,34.05,3105519
2021-11-15 00:00,34.06,34.5,30.7,30.84,4934958
2021-11-16 00:00,30.85,30.93,28,28.84,9489983
2021-11-17 00:00,28.83,29.74,28.03,29.5,5056388
2021-11-18 00:00,29.5,29.72,25.82,27.18,7188936
2021-11-19 00:00,27.18,28.85,26.08,28.31,4903115
2021-11-20 00:00,28.32,28.72,27.26,28.29,4440505
2021-11-21 00:00,28.29,29.26,27.69,28.4,4031644
2021-11-22 00:00,28.4,28.53,26.31,26.95,4635197
2021-11-23 00:00,26.96,27.57,26.17,27.01,4588008
2021-11-24 00:00,27.01,27.09,25.15,26.07,5079976
2021-11-25 00:00,26.08,27.61,25.9,26.21,5633143
2021-11-26 00:00,26.2,26.59,22.9,24.17,10710863
2021-11-27 00:00,24.17,24.99,23.78,24.21,3832078
2021-11-28 00:00,24.2,25.1,22.63,24.99,4702002
2021-11-29 00:00,24.99,25.61,24.54,25.09,4670846
2021-11-30 00:00,25.09,26.52,24.11,25.72,5923529
2021-12-01 00:00,25.72,26.9,24.79,25.07,4589808
2021-12-02 00:00,25.07,25.3,24.16,24.66,3729662
2021-12-03 00:00,24.66,25.85,22.44,22.65,5948392
2021-12-04 00:00,22.66,22.88,15.32,20.38,20948269
2021-12-05 00:00,20.38,20.54,18.46,18.78,7340247
2021-12-06 00:00,18.79,20.01,17.21,19.95,8412099
2021-12-07 00:00,19.95,21.81,19.7,21.8,8023128
2021-12-08 00:00,21.79,23.2,21.12,22.5,10636997
2021-12-09 00:00,22.49,22.6,20.23,20.58,8379169
2021-12-10 00:00,20.58,20.85,18.16,18.67,8113159
2021-12-11 00:00,18.66,20.22,18.62,19.71,4919043
2021-12-12 00:00,19.71,20.8,19.2,20.21,3264204
2021-12-13 00:00,20.21,20.27,17.3,17.96,7106615
2021-12-14 00:00,17.97,18.61,17.44,18.41,5551863
2021-12-15 00:00,18.41,20,17.26,19.99,7058880
2021-12-16 00:00,19.99,20.34,18.69,19,5020101
2021-12-17 00:00,18.99,19.23,17.74,18.32,5368028
2021-12-18 00:00,18.32,20,17.81,19.35,5347650
2021-12-19 00:00,19.35,20.38,18.58,19.07,5009373
2021-12-20 00:00,19.06,19.2,18.04,18.58,4927376
2021-12-21 00:00,18.57,19.67,18.37,19.25,3681490
2021-12-22 00:00,19.24,20.83,19.23,20,5261727
2021-12-23 00:00,20,22.28,19.82,22.23,7521224
2021-12-24 00:00,22.22,22.66,21.2,21.8,5448861
2021-12-25 00:00,21.81,22.39,21.34,21.94,3207572
2021-12-26 00:00,21.95,23.58,21.12,23.21,6625954
2021-12-27 00:00,23.22,24.49,22.52,22.84,6881973
2021-12-28 00:00,22.84,22.84,20.25,20.69,8744382
2021-12-29 00:00,20.69,20.97,19.17,19.71,7511449
2021-12-30 00:00,19.72,20.44,19.17,19.85,5369635
2021-12-31 00:00,19.84,20.63,19.04,19.97,5558077
2022-01-01 00:00,19.97,21.1,19.54,21.05,3597022
2022-01-02 00:00,21.05,22.2,20.64,21.75,4931994
2022-01-03 00:00,21.74,23.89,21.25,23.28,8358061
2022-01-04 00:00,23.29,24.57,22.71,24.57,10936459
2022-01-05 00:00,24.56,27.48,22.29,24.99,25228498
2022-01-06 00:00,24.99,25.98,23.34,24.63,16173041
2022-01-07 00:00,24.64,27.33,22.65,26.92,22120815
2022-01-08 00:00,26.92,27.33,23.51,25.95,15653968
2022-01-09 00:00,25.95,28.68,25.45,28.04,18887597
2022-01-10 00:00,28.04,28.51,25.07,27.56,18046136
2022-01-11 00:00,27.56,28.71,25.84,26.69,13259312
2022-01-12 00:00,26.69,27.25,25.61,26.31,10357868
2022-01-13 00:00,26.32,26.53,24.43,25.14,7755364
2022-01-14 00:00,25.14,25.89,23.91,25.62,6499142
2022-01-15 00:00,25.62,26.22,25.02,25.19,3973964
2022-01-16 00:00,25.2,26.34,24.65,25.32,4494325
2022-01-17 00:00,25.32,25.39,23.27,24.09,4453645
2022-01-18 00:00,24.09,24.34,22.04,22.88,4853930
2022-01-19 00:00,22.88,23.15,21.22,21.63,5725882
2022-01-20 00:00,21.63,22.98,19.88,20.36,6035950
2022-01-21 00:00,20.36,20.37,17.1,17.54,14598747
2022-01-22 00:00,17.54,17.78,14.24,16.34,18773052
2022-01-23 00:00,16.33,16.88,15.15,16.27,9524059
2022-01-24 00:00,16.26,16.36,13.48,15.13,14678988
2022-01-25 00:00,15.14,16.03,14.59,15.33,7634324
2022-01-26 00:00,15.33,16.8,14.68,15.29,9820587
2022-01-27 00:00,15.28,15.71,14.29,15.22,8532711
2022-01-28 00:00,15.22,16.41,14.74,16.29,6210668
2022-01-29 00:00,16.28,16.75,15.96,16.11,3955482
2022-01-30 00:00,16.11,18.1,16.09,16.83,8192932
2022-01-31 00:00,16.83,17.7,16.45,17.34,7223799
2022-02-01 00:00,17.33,17.91,16.75,16.88,5700889
2022-02-02 00:00,16.87,17.38,15.56,15.8,4745521
2022-02-03 00:00,15.81,16.33,15.26,16.13,5307962
2022-02-04 00:00,16.14,17.8,16,17.58,6107382
2022-02-05 00:00,17.58,18.32,17.42,17.86,4643224
2022-02-06 00:00,17.86,18.22,17.17,17.93,3290537
2022-02-07 00:00,17.92,19.4,17.76,18.78,6321187
2022-02-08 00:00,18.78,19.54,17.72,18.43,6422701
2022-02-09 00:00,18.43,18.75,17.75,18.42,3799517
2022-02-10 00:00,18.42,18.75,17.15,17.28,6013461
2022-02-11 00:00,17.27,17.81,15.89,16.11,4218410
2022-02-12 00:00,16.11,16.38,15.56,16.12,4109080
2022-02-13 00:00,16.12,16.33,15.41,15.54,2761167
2022-02-14 00:00,15.54,16.12,15.2,15.87,3518093
2022-02-15 00:00,15.86,17.45,15.83,17.15,4203483
2022-02-16 00:00,17.15,17.38,16.49,17.34,3592161
2022-02-17 00:00,17.34,17.45,15.45,15.72,4970807
2022-02-18 00:00,15.71,16.06,15.03,15.29,3758802
2022-02-19 00:00,15.29,15.68,14.84,15.28,3258848
2022-02-20 00:00,15.28,15.32,14.39,14.91,3879368
2022-02-21 00:00,14.9,15.31,13.38,13.71,7553543
2022-02-22 00:00,13.71,14.2,13.02,13.97,5724440
2022-02-23 00:00,13.97,14.66,13.22,13.23,5108255
2022-02-24 00:00,13.24,13.95,11.4,13.14,15874331
2022-02-25 00:00,13.14,15.05,13.08,14.76,6603542
2022-02-26 00:00,14.76,14.94,14.09,14.3,4640393
2022-02-27 00:00,14.3,14.86,13.43,13.54,6559730
2022-02-28 00:00,13.55,15.32,13.31,15.29,6740266
2022-03-01 00:00,15.3,15.73,14.72,15.15,6348538
2022-03-02 00:00,15.15,15.87,14.94,15.28,6107533
2022-03-03 00:00,15.28,15.38,14.36,14.44,4794115
2022-03-04 00:00,14.45,14.6,13.43,13.46,5933422
2022-03-05 00:00,13.46,14.27,13.41,14.09,2535777
2022-03-06 00:00,14.09,14.12,13,13.17,3973785
2022-03-07 00:00,13.17,13.67,12.42,12.83,7166410
2022-03-08 00:00,12.83,13.56,12.74,13.22,6709689
2022-03-09 00:00,13.22,14.46,13.16,13.96,6514639
2022-03-10 00:00,13.95,14.05,12.96,13.13,5402062
2022-03-11 00:00,13.13,13.65,12.8,13.26,4616334
2022-03-12 00:00,13.26,13.46,13.08,13.15,2462539
2022-03-13 00:00,13.16,13.43,12.59,12.69,2871747
2022-03-14 00:00,12.7,13.35,12.62,13,3770873